CustomerID,CreditScore,Balance,NumOfProducts,HasCrCard,IsActiveMember,EstimatedSalary,Exited,GameGenre,GameDifficulty,SessionsPerWeek,AvgSessionDurationMinutes,PlayerLevel,AchievementsUnlocked,EngagementLevel,Subscription_Length_Months,Monthly_Bill,Contract,MonthlyCharges,TotalCharges,tenure,Prediction,Churn_Probability
1,502,10267,3,1,1,50873,0,3,2,1,48,33,3,1,18,89,2,43,4814,37,Stay,48.71500669961771
2,748,90825,1,0,0,148389,1,3,2,1,26,1,4,3,26,11,2,49,1783,58,Churn,68.52635542191885
3,670,1062,3,1,1,78627,1,2,2,9,54,37,3,2,16,33,2,85,586,40,Churn,65.19657148598064
4,506,50448,3,0,0,86155,1,1,3,10,20,6,12,1,8,26,2,80,3832,44,Churn,77.8765048588382
5,471,95462,2,0,0,119186,1,4,2,6,79,45,12,1,24,74,2,97,640,25,Churn,69.79138964306333
6,588,6229,1,1,0,45372,0,3,2,10,32,34,17,1,13,79,1,60,2160,23,Stay,44.543369946622605
7,420,56793,2,0,0,23642,0,2,2,8,100,47,1,1,29,78,2,101,4346,44,Stay,45.86194614722203
8,502,47915,1,1,1,149148,1,3,2,13,119,15,15,1,32,69,1,70,1338,59,Churn,52.32855083278361
9,521,4632,3,1,1,48001,1,3,1,7,79,45,0,2,24,59,2,191,1090,1,Churn,69.92257066868063
10,614,3596,3,0,1,54064,0,4,3,12,47,26,18,3,16,21,1,114,4567,33,Churn,52.71866818292953
11,730,6168,4,1,0,114826,1,1,3,6,11,14,8,2,11,56,1,32,2399,15,Churn,74.4321205228256
12,487,7561,1,1,1,34122,1,4,1,4,95,7,2,2,32,76,1,109,4007,17,Churn,57.32339147837454
13,772,73794,2,0,1,44820,0,1,1,7,93,46,6,1,6,74,2,159,4388,34,Stay,47.94324339847324
14,499,82152,4,1,0,88431,1,3,3,9,98,31,9,2,35,36,1,101,1180,17,Churn,70.09215610381973
15,759,26734,4,0,0,75745,0,2,2,14,88,24,0,1,33,57,2,28,297,52,Stay,41.30903319039869
16,551,6371,4,0,1,70081,0,4,2,11,102,31,9,2,18,97,2,67,2294,58,Stay,46.54578962454557
17,530,26069,2,0,0,90902,1,1,3,10,81,29,8,1,13,71,1,68,1698,41,Churn,79.7412868628166
18,549,79905,4,0,0,28711,0,3,2,10,46,42,14,1,10,53,1,72,1700,44,Stay,44.29359421927923
19,708,12910,2,1,0,105132,1,1,1,14,58,32,14,2,26,28,2,59,3792,4,Churn,70.47066047361417
20,657,73479,4,0,0,38793,0,1,2,7,61,17,2,2,17,68,2,126,3965,13,Stay,44.052879603152675
21,743,77735,2,0,1,28199,1,1,2,1,42,14,4,3,1,17,2,43,783,4,Churn,80.91537543082926
22,693,81264,3,1,0,96253,1,3,2,10,31,40,8,3,25,64,2,127,3183,7,Churn,72.19450502143603
23,785,23275,3,0,0,56191,1,2,3,9,14,36,8,3,34,56,2,52,4089,46,Churn,74.97966830488225
24,591,72274,3,0,0,30211,0,2,1,13,112,48,6,2,10,11,2,42,432,59,Stay,41.358615719288636
25,676,81449,3,1,0,131086,0,2,2,4,27,24,11,2,20,48,1,96,1871,9,Stay,46.32518898283858
26,560,60004,3,1,0,83069,1,1,3,3,47,45,8,1,7,54,2,73,4300,23,Churn,72.28111252502556
27,713,62981,4,1,0,108896,0,3,2,4,46,27,5,3,16,41,2,72,2821,33,Stay,48.614780735559755
28,421,84659,4,1,0,76746,1,1,1,4,103,25,1,1,29,74,1,68,906,33,Churn,71.7052195271403
29,652,54553,4,1,0,41542,1,2,2,13,104,32,8,1,12,47,1,97,1164,20,Churn,63.33522321952179
30,635,48447,2,1,1,51312,0,2,1,10,73,18,16,1,17,86,1,99,988,4,Stay,46.207371960216356
31,744,34529,2,1,0,65242,1,3,2,11,19,46,0,1,20,20,2,196,3023,1,Churn,63.984640002486955
32,448,75703,2,0,1,121971,0,1,1,2,88,18,18,3,26,19,1,121,420,54,Churn,51.45176657954102
33,458,76090,2,1,0,113783,1,4,2,14,51,37,5,1,19,68,1,141,4057,42,Churn,65.8778624126792
34,569,17260,3,1,0,145681,0,4,1,12,57,26,4,2,12,99,2,122,2482,34,Stay,46.04181549027498
35,587,3812,3,1,0,107893,1,2,2,14,53,9,1,2,21,64,2,109,3331,27,Churn,67.92946709785873
36,670,28024,3,0,0,75388,1,3,2,1,91,35,8,2,34,29,2,109,2411,21,Churn,76.86102525075914
37,589,58656,1,0,1,126581,0,1,3,12,96,8,13,3,7,90,2,179,3701,24,Churn,52.74900115749352
38,574,27285,4,1,0,47691,1,1,3,10,106,20,3,1,35,26,1,140,1600,15,Churn,70.56054708529882
39,450,92436,2,1,0,97960,1,2,1,12,25,42,3,3,15,77,2,168,1668,35,Churn,69.38861242919123
40,763,1605,2,1,1,104388,0,2,2,1,63,22,14,1,1,14,1,165,3381,25,Stay,46.363339319056706
41,454,71158,3,0,1,42601,1,1,1,13,111,19,7,3,26,69,2,79,1619,55,Churn,76.73751727251927
42,643,72303,2,0,0,138307,0,1,3,14,44,30,3,3,35,32,1,141,2018,9,Churn,50.80565368995214
43,719,27139,2,1,1,38020,1,2,1,8,107,28,15,1,25,55,2,160,4189,17,Churn,65.36006175356125
44,530,77149,4,0,1,28155,0,1,1,14,37,35,3,3,15,61,2,171,1965,21,Stay,45.0024776740135
45,706,56138,3,1,1,89119,1,4,3,2,11,43,15,1,22,19,2,49,1505,13,Churn,71.59838837727199
46,534,76125,4,0,0,101051,1,2,2,12,103,11,11,2,6,55,1,149,2823,3,Churn,69.08302468964037
47,420,13918,1,0,0,56777,1,1,1,10,22,31,15,2,15,37,1,102,104,4,Churn,61.8272138964666
48,728,85655,1,1,0,39710,0,2,3,5,50,49,18,2,24,52,1,130,1268,4,Stay,47.48527896192279
49,566,27446,1,1,1,128714,0,3,2,12,89,48,7,3,21,35,2,127,2498,43,Churn,50.93277500037263
50,673,13046,3,1,0,44532,0,2,3,4,68,39,5,2,7,64,1,130,2730,28,Stay,47.92462261149764
51,787,24818,2,1,1,148727,0,2,1,8,78,36,9,1,29,57,2,44,447,7,Stay,47.618711041737576
52,488,4324,3,0,0,38601,1,3,2,2,101,30,4,2,32,38,2,69,4320,26,Churn,74.72182328647136
53,715,76323,3,0,0,83227,1,4,2,10,62,23,17,2,32,36,2,33,1913,11,Churn,68.47543412593514
54,413,9111,2,0,1,24967,0,1,3,9,112,19,9,3,5,27,1,153,3442,24,Churn,55.48791405657094
55,641,38110,4,1,0,104289,0,3,3,7,54,12,9,1,4,69,2,95,2674,43,Stay,46.551398550425965
56,664,16389,1,0,1,40022,0,2,3,13,29,15,6,3,22,83,1,103,3925,10,Churn,51.179501715641386
57,745,41427,4,1,1,63463,1,1,2,7,33,31,17,3,18,78,2,106,4693,37,Churn,79.12529882373653
58,452,79579,1,0,0,94671,0,3,2,1,70,43,0,1,35,83,2,177,152,13,Stay,43.60683250479212
59,785,28746,3,1,1,25722,0,1,1,14,100,37,6,3,17,30,2,49,248,44,Churn,51.18912479291248
60,739,87886,1,1,0,47413,1,1,2,12,103,37,0,1,24,33,1,185,602,42,Stay,48.730598980971145
61,491,117,3,0,0,112772,1,3,1,2,67,15,14,2,2,12,1,77,969,39,Churn,75.04310311212468
62,766,84471,4,1,1,101050,0,1,3,4,118,29,3,1,13,71,2,113,3621,19,Stay,49.553715518565035
63,663,13234,3,1,0,129432,1,4,3,4,36,43,19,1,15,11,1,60,4414,51,Churn,67.30585540188059
64,434,53441,4,0,1,122748,0,3,2,11,35,26,9,1,5,75,1,113,3971,19,Stay,46.846972466132954
65,605,846,2,1,0,125922,1,4,3,14,16,44,8,3,3,51,2,76,1400,12,Churn,69.54534161832669
66,480,10954,2,1,0,105867,0,2,3,3,51,2,1,1,3,43,2,183,2599,52,Stay,39.667721895576385
67,449,79239,2,1,0,103596,0,1,2,7,56,20,13,1,35,51,1,83,4133,22,Stay,44.868410995469944
68,759,46514,3,0,0,86732,0,2,1,12,62,15,15,1,23,29,2,117,3389,47,Stay,41.680932237316085
69,787,88236,2,0,0,32297,0,2,2,8,68,4,0,2,28,77,2,35,4933,37,Stay,40.92608404099201
70,401,97579,1,1,1,88323,1,1,1,2,47,22,1,1,30,54,1,107,3953,56,Churn,71.06416544789545
71,789,6469,4,0,1,43816,1,3,2,4,78,38,6,3,18,84,1,97,2551,30,Churn,75.27168480797937
72,453,30105,4,1,1,144341,1,1,2,14,96,23,9,1,33,51,2,109,4485,46,Churn,71.25306328239367
73,505,42101,1,1,1,60695,1,2,3,3,101,26,19,1,26,56,1,91,438,12,Churn,52.8074014282729
74,659,64323,3,1,1,39702,0,2,2,2,107,11,0,2,17,14,1,33,2924,29,Stay,47.39950621962303
75,709,91922,3,1,1,45242,0,3,2,12,62,28,12,1,7,98,2,50,1793,21,Stay,47.88359196785288
76,590,58067,4,1,0,75841,1,1,1,13,24,2,0,3,8,58,2,85,1086,11,Churn,73.48409721299217
77,617,49376,2,0,0,148498,1,2,3,14,105,8,4,1,31,46,2,131,3590,37,Churn,71.49247730730525
78,443,45587,3,1,1,87712,1,4,1,6,35,29,15,3,12,43,2,87,2833,48,Churn,72.66580633058724
79,561,36976,3,0,1,105663,1,2,1,13,57,11,14,2,31,82,1,74,3867,58,Churn,70.20722785210745
80,601,67584,1,0,0,127096,1,2,3,4,104,37,16,1,19,79,1,142,4176,18,Churn,61.37660113103004
81,669,78477,1,1,0,112764,0,3,3,6,28,18,15,2,10,27,2,187,2106,44,Stay,49.12468345416999
82,750,42533,2,1,0,73574,0,4,3,2,18,14,12,1,12,87,2,172,3207,59,Stay,47.602368619669406
83,703,1828,3,0,1,105744,0,2,2,12,73,10,10,3,20,28,2,44,4568,27,Stay,46.916774683675676
84,670,1917,3,0,1,48482,1,2,3,4,102,35,16,2,7,87,2,150,3430,37,Churn,69.6616706806887
85,614,20618,1,0,1,29171,1,4,3,11,63,9,16,1,14,49,1,88,3141,48,Churn,60.007413264398835
86,651,32254,3,1,0,120755,1,1,3,6,60,35,1,3,11,26,1,121,630,12,Churn,78.9563976127013
87,589,47362,4,0,0,118932,1,1,1,14,48,11,12,2,7,69,2,137,1023,23,Churn,73.01684887523963
88,695,20128,1,1,1,128125,0,2,1,5,13,44,13,1,29,51,2,45,4218,34,Stay,47.37509323254918
89,612,59383,2,1,1,126082,0,2,2,3,12,12,10,2,10,90,1,59,340,38,Stay,49.652232848742294
90,607,65545,1,1,0,23696,1,1,1,8,73,3,9,1,29,81,1,57,1996,23,Churn,57.336955351684615
91,636,82180,3,0,0,146310,0,3,2,7,38,39,2,3,9,74,1,185,3424,53,Stay,44.3808013862628
92,737,87958,2,1,0,40058,0,4,1,3,20,14,16,3,10,62,1,26,913,25,Stay,44.997042770482274
93,766,9865,1,1,0,40313,1,4,3,6,106,28,14,2,19,16,2,177,4850,4,Churn,54.864517874659036
94,452,2219,4,1,1,39149,1,3,1,4,111,11,8,2,31,14,1,139,882,30,Churn,70.08291686575907
95,679,39809,4,1,0,73521,1,3,2,11,67,39,9,1,17,33,1,166,4155,30,Churn,65.8778624126792
96,616,5287,1,1,0,65740,1,3,1,5,84,25,7,3,9,37,1,54,107,13,Churn,60.41146787540001
97,651,34387,4,0,0,126611,1,3,3,11,36,21,12,1,33,71,2,180,3873,42,Churn,72.42763560095847
98,587,8512,4,1,1,24956,1,3,2,5,106,10,17,3,34,26,2,180,4770,49,Churn,73.16159889980528
99,779,1342,4,1,1,95731,0,3,3,7,30,43,4,2,24,29,1,97,3239,14,Churn,51.47007848506703
100,440,63076,2,0,0,102612,0,4,3,11,48,15,5,1,9,12,1,57,3889,56,Churn,50.68809472812686
101,556,19216,4,1,0,137850,1,3,2,5,104,19,16,1,7,46,2,157,4151,47,Churn,64.15383891462635
102,414,93070,4,0,0,86641,0,1,3,11,111,48,10,3,16,99,2,47,617,8,Churn,50.932942655814614
103,700,79767,4,1,1,83811,1,3,3,3,55,22,19,3,19,24,1,119,3290,55,Churn,76.4025467584277
104,464,97829,2,0,1,72160,1,3,1,10,75,21,15,3,6,60,2,57,3202,24,Churn,74.07062468647007
105,744,26614,1,0,1,71313,1,4,3,5,100,44,8,2,11,57,1,163,4678,18,Churn,61.267662755039254
106,726,36258,3,1,0,83232,1,4,3,7,45,32,1,1,12,17,2,143,2816,35,Churn,68.24298904713498
107,408,93789,4,1,1,35417,0,3,3,5,84,23,4,3,13,22,1,168,678,25,Churn,52.24195696986952
108,743,42078,1,1,0,44729,1,4,3,5,91,13,0,2,12,57,1,111,4582,17,Churn,53.98230123805698
109,528,83524,4,0,0,132492,0,2,2,9,74,5,3,3,21,12,2,116,4607,32,Stay,42.41067030570484
110,535,96573,2,0,0,50099,1,4,1,3,72,4,3,1,10,74,1,25,1965,56,Churn,73.76853071192822
111,462,12219,1,0,1,138387,1,4,3,13,108,28,2,3,20,82,2,188,1476,24,Churn,60.094259369261025
112,538,235,2,1,0,118134,1,4,3,6,44,14,8,1,28,40,2,146,3038,7,Churn,65.6163243444979
113,480,42929,4,0,1,49961,0,4,2,1,40,8,11,2,24,35,2,34,1005,13,Stay,47.84116570895881
114,791,67444,4,0,1,32602,1,1,3,10,37,9,9,2,5,90,1,127,1064,27,Churn,79.05191390115837
115,562,8567,2,1,0,138474,1,1,2,5,112,35,1,3,12,65,1,150,2076,48,Churn,77.86995545119467
116,688,70792,3,0,0,29256,1,1,1,8,10,37,10,1,35,43,1,62,4859,5,Churn,75.57084163026168
117,778,65441,2,0,1,106120,0,3,1,5,34,21,9,1,2,18,2,66,1987,36,Stay,43.10571251307369
118,660,84555,4,1,0,132516,0,3,3,9,52,18,5,1,9,71,1,118,2547,26,Stay,45.209718916632376
119,630,73698,2,0,1,54681,0,2,3,11,111,33,17,3,22,22,1,33,1091,42,Churn,53.87405650808002
120,440,5415,3,1,0,111328,1,1,3,6,93,8,1,1,5,78,1,176,3656,45,Churn,73.9277818032419
121,427,36159,2,1,1,107440,0,3,2,8,76,49,1,1,12,50,1,151,4059,31,Stay,45.729158763991116
122,534,43925,3,1,1,84789,1,4,3,10,72,17,9,1,1,86,2,173,3704,10,Churn,65.27691825083156
123,600,5951,3,1,1,63361,0,4,3,8,60,43,15,1,22,10,1,134,1183,46,Stay,48.180879251147225
124,727,87388,2,1,1,84503,0,1,1,13,11,31,11,3,19,98,2,159,534,26,Churn,51.18912479291248
125,667,8007,2,0,0,54540,1,2,3,3,91,34,0,3,16,56,2,21,120,22,Churn,70.80634632494805
126,432,41832,1,0,0,46536,0,2,1,7,117,6,7,1,31,13,2,164,3022,12,Stay,44.37021045899922
127,447,58596,4,1,1,104700,1,4,3,14,73,22,15,1,3,72,2,54,2025,32,Churn,60.5302345640988
128,461,30523,3,1,1,83043,1,2,1,7,83,14,17,2,23,61,1,29,1572,27,Churn,69.93250462762536
129,615,88861,1,0,0,98532,0,1,3,14,78,3,12,2,18,19,1,131,1199,33,Churn,50.876569482899555
130,692,86740,2,1,0,76575,1,4,1,10,18,12,14,1,26,37,1,190,2737,53,Churn,67.735665793341
131,498,15524,4,1,0,147626,1,3,2,12,11,36,11,1,13,15,2,40,489,52,Churn,64.15383891462635
132,571,19282,1,1,0,22871,0,3,1,6,43,12,7,2,18,36,1,34,3513,20,Stay,45.82076334037907
133,759,23930,3,0,0,66002,0,2,1,12,69,45,9,2,3,21,2,182,2715,39,Stay,36.77816611359383
134,613,77,1,0,0,69812,1,4,1,7,111,2,13,1,23,71,1,131,1454,41,Churn,65.6521724436879
135,434,20611,3,1,1,42626,0,4,3,14,70,2,4,3,3,61,1,145,4621,40,Stay,44.27116599035952
136,626,16984,2,1,0,79979,1,3,3,2,40,15,17,3,25,57,1,104,105,59,Churn,79.99133801029677
137,500,14060,4,0,0,96057,1,4,3,9,19,23,18,1,27,76,2,104,290,13,Churn,72.42763560095847
138,530,82985,4,0,1,146834,0,4,2,10,85,29,14,1,27,55,1,191,247,14,Stay,46.846972466132954
139,656,84056,4,1,0,128946,0,4,2,10,45,17,5,2,25,83,2,24,4600,44,Stay,48.012143045928966
140,404,43303,2,1,0,86668,0,2,1,1,94,32,10,2,24,24,2,136,4453,40,Churn,51.330513676841605
141,617,59207,3,0,0,119003,0,4,2,1,58,7,10,3,8,80,2,165,3650,53,Stay,48.147640040260605
142,654,75046,2,0,0,100070,1,1,1,3,79,30,19,1,9,45,1,168,4205,22,Churn,76.73643514419925
143,797,29287,4,0,0,109390,1,2,1,14,58,28,19,2,30,23,1,91,1210,18,Churn,69.93567874985402
144,758,93709,2,1,1,62998,0,4,1,3,12,14,17,3,19,87,2,93,3933,48,Stay,49.51540055817906
145,682,39711,2,0,0,83814,0,4,2,1,83,44,17,3,16,12,2,70,724,29,Stay,49.751672717441366
146,792,11954,2,1,1,124601,1,1,3,12,14,30,9,3,24,76,2,188,4225,43,Churn,80.16580927229727
147,606,73340,3,0,1,65607,1,2,2,7,119,17,1,2,21,95,2,43,2275,16,Churn,67.23278816495996
148,414,72101,1,0,0,27812,1,3,1,4,99,32,8,2,6,28,2,171,3249,46,Churn,54.025942353523725
149,745,71520,1,0,1,81844,1,3,1,10,70,46,13,1,5,85,1,57,1178,35,Churn,59.631341636120816
150,441,87062,2,0,0,90093,0,2,2,13,94,6,18,1,14,63,1,63,3651,53,Stay,45.343354335692936
151,779,18574,1,1,1,22179,1,4,1,2,118,24,9,3,4,78,1,181,2452,34,Churn,72.13306322327523
152,578,9184,1,1,1,63798,1,4,1,10,99,6,3,3,8,19,2,94,645,3,Churn,56.11221802264467
153,462,19096,2,0,0,94601,0,3,2,5,111,27,5,2,24,42,2,114,1295,4,Stay,45.28574192459685
154,751,67728,2,1,0,28275,1,3,2,6,117,18,13,2,11,22,1,42,2169,54,Churn,68.72931963276636
155,630,34016,4,0,0,70574,1,3,2,9,35,24,3,1,17,60,1,143,3458,5,Churn,69.93811726817732
156,640,11246,1,0,0,67857,0,1,1,4,81,37,14,1,21,41,2,105,2538,10,Stay,46.09894850585649
157,451,45558,3,0,0,145555,0,3,1,2,14,24,15,1,26,84,2,62,716,52,Stay,44.84240407279686
158,495,18381,2,0,1,121484,0,1,3,5,24,38,6,2,27,33,2,59,4344,29,Churn,54.64168535444309
159,787,36455,4,1,1,40700,1,2,3,3,25,34,16,3,16,44,1,66,3443,32,Churn,75.18497289793979
160,621,92263,3,0,1,146855,1,4,2,2,10,40,18,1,26,92,2,188,1911,31,Churn,71.74010915891039
161,630,4018,1,0,1,59464,0,3,3,12,25,47,18,1,33,79,2,194,271,2,Stay,49.183942444545266
162,636,11302,4,1,1,62351,0,4,1,1,46,15,16,2,31,49,2,39,4242,12,Churn,52.99961415493946
163,542,67506,2,0,1,113330,1,4,3,10,12,11,5,1,6,63,1,128,725,27,Churn,74.41913253701661
164,570,41157,3,0,1,114319,0,3,1,2,61,22,10,3,8,53,2,87,4163,5,Stay,47.68325743738551
165,428,54917,2,0,0,102534,0,3,2,6,56,24,15,2,7,71,1,43,2354,37,Stay,45.61849941369019
166,435,92738,1,1,0,33869,0,2,2,8,104,1,7,1,34,77,2,55,552,27,Stay,42.8109832262929
167,412,96646,3,0,1,80315,1,1,1,13,22,18,10,1,14,42,2,64,1518,23,Churn,73.0566693990846
168,559,83122,1,1,1,130061,1,1,3,3,89,44,6,2,16,86,1,149,853,33,Churn,62.04042638624961
169,726,24519,1,0,0,113688,1,4,2,11,64,12,18,2,9,65,2,47,3472,4,Churn,52.108656287616604
170,586,96809,4,0,0,40954,1,3,2,9,116,43,9,1,10,45,1,173,2823,59,Churn,71.27029362517008
171,642,87487,2,1,0,51555,1,2,3,12,30,28,8,3,17,63,2,42,3110,21,Churn,71.22806307599457
172,485,56819,3,0,0,83353,1,2,3,9,75,40,3,2,12,28,1,183,3011,24,Churn,71.7560712465098
173,683,80910,1,0,1,102190,0,2,1,2,63,7,14,3,6,52,2,110,1325,44,Stay,46.29180440486729
174,465,71324,1,1,0,65026,1,2,3,8,36,23,12,1,19,21,1,153,267,31,Churn,52.081628465727256
175,569,5408,3,1,1,120772,1,2,3,10,47,21,1,3,29,20,1,182,3785,44,Churn,75.78040606392571
176,444,59379,1,1,1,66976,0,1,3,11,99,34,1,1,6,79,2,122,185,48,Stay,47.79181335702016
177,461,25053,4,1,1,100578,1,1,1,12,67,11,15,1,25,21,1,57,1777,24,Churn,70.66224954642325
178,533,9446,4,1,0,111502,1,1,1,5,71,22,8,1,24,50,2,182,2082,49,Churn,70.03521144854247
179,683,922,4,0,0,133943,0,3,2,4,111,42,12,1,25,34,1,113,1586,53,Stay,44.29359421927923
180,427,98723,4,1,1,129850,0,4,1,10,55,35,2,3,16,12,2,72,541,10,Stay,48.15029122196322
181,507,51356,1,0,1,65095,0,2,2,5,98,29,8,1,16,12,2,57,370,49,Stay,47.50045680746972
182,443,10789,3,0,1,34270,1,3,3,4,20,42,12,1,6,93,2,62,443,49,Churn,69.54264373081418
183,739,97720,3,0,0,50908,0,2,2,8,81,28,1,3,21,37,2,122,1306,50,Stay,41.96223207423933
184,685,66656,3,1,1,35523,1,1,2,4,17,18,7,2,4,32,1,133,3181,2,Churn,75.57180939367531
185,730,44028,3,1,0,82433,1,3,3,13,106,14,8,3,34,57,2,23,1357,31,Churn,73.46462841218701
186,527,64484,2,0,1,67068,1,1,2,10,80,18,15,3,28,76,2,24,2391,25,Churn,79.00620187368924
187,747,32154,3,1,1,39991,1,2,1,12,73,28,1,3,28,51,2,87,1632,4,Churn,73.41297630214896
188,630,82870,2,1,1,30775,0,2,1,13,111,24,5,1,17,97,2,142,3522,51,Stay,47.618711041737576
189,589,2336,2,1,0,97801,0,4,1,14,30,8,7,1,14,49,2,192,4462,11,Stay,43.165830094029026
190,624,67779,4,1,0,104995,1,2,1,6,81,42,4,1,7,15,1,99,1753,17,Churn,66.74996545085304
191,784,19029,2,0,1,81250,0,1,2,2,72,45,8,2,22,29,2,172,338,44,Churn,53.01330288786264
192,776,59201,1,0,0,36673,1,2,2,5,94,8,0,1,1,20,1,30,1014,2,Churn,52.97805366036699
193,682,32265,2,1,1,142808,1,4,3,6,73,4,8,2,29,36,1,176,1538,6,Churn,71.89940743105626
194,520,43872,4,0,0,47056,1,4,2,5,29,27,9,1,31,30,2,181,3116,9,Churn,68.42102259953293
195,515,46197,2,1,0,26614,0,1,2,12,17,36,3,3,30,22,2,161,1560,5,Stay,48.566955372583465
196,632,55180,1,1,0,121556,1,3,2,2,67,5,2,1,15,95,1,139,3179,20,Churn,60.613161861156364
197,658,23710,1,0,1,27415,1,2,3,14,55,33,9,2,18,44,1,171,2358,29,Churn,61.59401848176548
198,758,29486,1,0,0,108691,0,4,1,7,40,49,14,2,35,56,1,186,466,21,Stay,42.79081305428235
199,597,71907,4,0,0,134966,0,2,2,4,102,34,10,1,30,95,2,45,3091,9,Stay,43.48141952697938
200,536,71895,4,1,1,63884,0,2,3,8,18,30,13,3,34,37,1,190,3841,28,Churn,51.88448199030514
201,717,64435,3,0,1,36964,0,3,3,7,24,8,5,1,11,30,1,55,185,55,Churn,51.656812544854866
202,564,40631,4,1,1,57726,1,4,3,7,103,39,11,1,27,27,2,186,2593,8,Churn,65.02625541460215
203,624,20103,1,0,1,143133,0,2,1,9,35,47,12,1,24,40,1,163,4815,31,Stay,45.938576355256494
204,706,64772,1,0,0,57044,1,4,2,1,19,26,16,3,35,69,2,141,231,20,Churn,65.38436915537935
205,633,14382,4,1,0,77149,0,1,3,10,38,37,15,2,8,46,1,78,1003,27,Stay,49.53792293898769
206,571,84291,2,1,0,57544,0,1,1,6,89,34,2,3,18,30,2,115,3556,8,Stay,46.60438896536612
207,551,3756,4,1,0,69976,0,2,3,6,45,7,1,2,13,23,1,25,1321,54,Stay,47.321304761702535
208,714,20609,4,1,0,52252,0,4,3,6,93,40,10,2,24,98,2,117,1863,21,Stay,49.61598103262243
209,773,16478,1,1,1,23832,0,2,3,13,118,28,8,2,23,69,2,75,2904,28,Churn,50.636718852225926
210,559,39666,3,1,0,110811,0,4,3,12,46,39,2,3,12,32,1,155,1326,23,Stay,47.93955659180688
211,495,75683,1,1,0,100437,1,4,3,6,95,39,17,1,30,38,2,113,1384,6,Churn,50.91181704257887
212,632,99097,3,1,0,123749,0,3,1,12,80,28,19,1,31,56,1,46,789,3,Stay,41.792897995142894
213,579,71315,1,0,1,54148,0,3,2,10,32,14,14,1,28,39,2,174,4882,5,Stay,45.98278998766697
214,512,77834,4,1,1,81240,0,3,2,7,50,38,13,1,22,99,2,139,4981,9,Stay,47.88359196785288
215,717,14153,1,1,0,128169,0,2,2,14,113,4,1,1,28,93,2,193,4535,7,Stay,44.53705027321403
216,451,76325,1,0,1,145607,1,3,2,10,102,42,16,3,13,47,2,188,4607,4,Churn,55.363428046198
217,667,12999,1,1,1,108454,0,3,1,6,89,18,7,3,25,92,2,44,2096,39,Stay,49.08275790959377
218,694,55318,4,0,1,132230,0,1,1,1,111,44,9,3,7,36,2,105,4481,5,Stay,48.19803210987483
219,785,814,4,0,1,148933,0,4,1,3,37,48,17,3,6,98,2,165,1209,11,Stay,44.91626470247042
220,786,76077,4,1,1,105076,0,4,3,2,57,25,18,3,24,96,1,31,529,15,Churn,54.42574240804661
221,512,90474,4,0,1,97116,1,3,3,6,47,7,7,3,19,24,1,106,4226,34,Churn,78.67995204559664
222,500,2443,3,1,1,73459,0,4,3,8,40,38,7,3,19,68,2,198,3881,13,Churn,53.303361366337064
223,512,75993,3,0,0,58402,1,1,2,3,23,28,2,1,9,12,2,128,702,54,Churn,74.45254248020652
224,480,75916,2,0,0,77727,0,1,3,10,106,5,2,2,29,19,2,186,539,48,Churn,50.444097350544595
225,586,73319,4,0,1,58578,1,3,2,8,82,3,11,3,24,88,1,108,1084,7,Churn,75.27168480797937
226,512,17368,3,1,0,110453,1,1,3,8,100,44,16,2,5,89,2,29,2018,40,Churn,74.82217039361493
227,401,15328,1,1,0,42318,0,4,2,5,97,31,3,3,26,26,1,93,4607,6,Stay,46.3347139022104
228,529,56942,4,0,1,95715,0,2,3,8,86,47,16,3,14,92,2,96,627,56,Churn,51.726807061380455
229,619,91751,2,0,0,97787,1,4,3,6,99,42,13,1,29,20,2,73,4505,39,Churn,73.69099059492254
230,453,99131,2,1,1,131435,1,2,1,5,38,20,18,2,6,57,2,176,3096,50,Churn,67.4939183788929
231,742,27306,2,1,1,105029,0,3,3,9,60,19,8,1,7,14,2,121,3567,30,Stay,49.48722340070971
232,623,85451,1,0,1,40466,1,2,3,14,58,48,11,1,18,78,2,188,1461,22,Churn,55.49680506553489
233,624,39915,3,0,0,115742,1,1,1,7,52,11,4,2,23,73,1,156,803,25,Churn,73.88565867629958
234,784,37219,1,1,0,65475,1,4,2,8,101,40,10,1,1,23,2,184,762,28,Churn,51.77522737337459
235,525,80879,4,1,0,80142,0,2,1,1,101,3,19,3,4,59,1,161,464,54,Churn,50.81642827903885
236,529,64644,2,1,0,105160,1,4,1,11,81,23,2,3,35,35,1,120,1022,20,Churn,73.51793717581789
237,452,60279,1,1,1,46564,1,3,2,2,96,7,14,3,23,81,2,92,3956,39,Churn,65.06793038282962
238,571,53028,1,1,1,42412,1,3,3,8,102,23,13,3,27,78,2,91,275,3,Churn,58.91220780638836
239,617,126,3,0,0,113526,0,1,2,12,14,7,10,3,26,16,2,186,1035,5,Stay,46.12619353267702
240,559,52329,3,1,1,71001,0,3,3,9,51,46,19,1,8,25,1,187,481,1,Stay,48.406159414252734
241,597,27632,2,0,1,77649,1,2,3,4,16,34,7,1,16,64,1,73,405,15,Churn,73.04567808911104
242,646,65310,1,1,0,80957,0,3,2,12,51,42,3,3,3,87,1,22,4797,26,Stay,40.04343805185046
243,723,55176,1,0,1,55517,1,1,1,10,45,19,11,3,32,65,2,130,2490,3,Churn,62.45190428537077
244,602,86066,3,1,0,33156,0,4,2,11,114,9,7,1,5,13,1,180,2303,40,Stay,43.62498829721077
245,583,44327,1,1,1,43064,0,4,3,10,36,48,5,2,20,57,1,115,4907,57,Stay,49.22944250392465
246,522,68904,1,0,0,45711,1,3,2,14,67,18,14,1,14,26,1,90,1565,41,Churn,57.39526761603872
247,654,3797,1,0,1,50106,0,2,2,9,55,41,11,1,32,45,2,38,3371,47,Stay,47.50045680746972
248,693,47882,3,1,1,85458,0,1,3,4,75,48,15,1,26,79,1,53,502,42,Stay,49.5973634443084
249,679,13718,2,1,0,36589,0,2,1,10,34,45,15,1,6,89,1,69,4809,34,Stay,43.0872471314909
250,724,34560,4,1,0,109272,1,1,2,10,82,42,19,1,5,47,2,194,2770,52,Churn,70.97671994947947
251,771,76589,2,1,0,106511,0,3,3,10,36,25,19,2,13,71,2,65,1901,5,Stay,49.61598103262243
252,497,22116,4,1,0,121754,0,1,3,9,10,14,3,3,32,57,2,102,2750,31,Churn,50.17144090273678
253,597,36244,1,0,1,27214,1,1,2,11,96,44,10,3,16,19,1,70,276,51,Churn,64.85775141269441
254,794,1645,2,0,1,116117,0,3,1,7,83,25,12,2,1,45,1,73,4644,13,Stay,43.45831075967472
255,639,47523,4,1,0,105731,0,2,2,2,51,19,8,3,13,38,1,109,842,43,Stay,48.44959490755657
256,543,19256,3,0,1,130118,0,3,1,9,61,39,3,3,11,87,2,100,2448,1,Stay,43.540097841722655
257,496,53173,3,0,0,146479,0,1,1,4,34,15,11,3,8,13,1,137,4502,22,Stay,43.538132589941995
258,600,37430,2,0,0,47127,0,3,1,8,63,16,8,2,25,53,2,175,850,15,Stay,43.13268267010661
259,523,39282,2,1,1,25141,1,1,1,14,76,27,12,2,32,65,2,38,968,26,Churn,72.30174841325938
260,586,63374,1,0,1,48884,1,3,2,7,15,40,15,3,24,51,1,46,4162,18,Churn,61.79905070223847
261,725,68244,2,1,0,110421,0,4,3,13,67,10,5,3,28,22,1,195,4067,48,Stay,48.982262886429176
262,748,11694,1,0,0,22708,0,4,3,7,79,4,9,3,14,55,1,166,313,9,Stay,48.36162923744942
263,658,56264,1,1,0,38375,0,3,3,8,62,19,12,1,3,91,2,198,1717,1,Stay,39.83453447852746
264,547,75060,3,0,1,35088,1,2,3,1,75,28,6,1,27,42,2,26,2630,43,Churn,75.6601093788869
265,651,97416,3,1,1,77615,1,1,3,5,67,21,18,1,20,30,1,176,3433,9,Churn,72.88761794465508
266,745,57545,4,1,1,130138,0,4,3,2,91,47,18,2,15,89,2,190,1697,23,Churn,53.72419689565364
267,546,39224,3,0,1,65046,0,2,2,2,96,14,16,3,27,88,1,88,611,43,Churn,51.29491727829688
268,547,97945,3,1,0,30014,1,1,1,1,11,33,12,2,28,66,1,113,352,45,Churn,81.64626729397226
269,751,13224,2,1,0,84425,0,4,3,5,85,48,12,2,25,78,1,132,4233,58,Stay,48.23061335125901
270,598,40738,3,1,0,23273,1,4,2,2,31,10,1,2,33,79,2,126,728,2,Churn,76.35223039240964
271,707,25150,4,1,0,67135,1,3,3,4,46,19,9,3,14,76,2,139,3576,14,Churn,73.46462841218701
272,527,63731,2,1,0,122842,0,1,3,3,29,30,12,1,8,57,1,155,1086,38,Stay,46.461084860321144
273,438,49688,4,1,0,50881,1,2,1,3,112,22,8,3,14,85,1,189,1825,40,Churn,72.28176942049066
274,737,99929,3,1,1,117022,0,2,1,2,33,3,0,3,1,42,2,61,2193,18,Churn,50.949229104501256
275,759,73509,4,1,1,98077,0,2,1,13,93,37,13,2,16,45,1,32,1801,16,Stay,49.26364218742268
276,528,8577,2,0,0,28712,0,1,3,6,74,41,15,2,18,42,2,173,404,53,Churn,51.64699502546451
277,666,8070,1,0,0,94704,0,2,3,2,74,18,19,2,7,40,1,37,4178,29,Stay,49.89802939835359
278,550,8666,4,1,1,72874,0,2,3,14,90,11,14,1,15,30,2,61,2380,44,Stay,49.346953453131206
279,697,57761,4,1,1,89087,0,2,1,14,10,48,0,1,24,36,1,70,4440,11,Stay,41.64088417345126
280,498,36368,2,0,1,32297,1,3,2,8,118,2,16,1,13,81,2,132,2907,6,Churn,73.823835964446
281,662,6783,2,0,1,129269,1,3,3,8,103,12,12,3,9,71,1,163,2986,3,Churn,79.73697626196956
282,651,41914,4,0,0,47128,1,1,3,13,114,6,14,2,15,35,2,120,3554,14,Churn,78.08151771502978
283,543,70507,3,1,0,88368,1,1,3,14,12,43,15,3,35,75,2,22,1124,2,Churn,78.95506078407564
284,745,79026,4,0,0,114019,0,2,2,12,55,40,15,1,24,21,2,98,4412,32,Stay,43.48141952697938
285,511,67526,2,1,0,107599,1,3,3,5,64,44,1,2,33,31,2,117,3075,31,Churn,71.59037981721703
286,459,70835,1,1,0,108499,1,4,2,10,84,29,16,1,16,26,1,192,606,11,Churn,52.12819186044234
287,768,45765,1,0,1,98958,1,4,3,7,97,30,10,2,8,16,2,169,4956,22,Churn,56.088607898864595
288,401,19956,3,1,0,52920,0,2,2,4,95,2,7,2,29,77,2,42,3051,3,Stay,46.54727112709026
289,784,87895,4,1,1,140442,1,2,3,1,73,9,19,3,23,46,1,78,1153,50,Churn,82.24804425037043
290,703,46240,1,1,0,31156,0,3,1,11,117,47,2,3,31,47,2,132,2774,31,Stay,46.01925880906697
291,653,37148,4,1,0,31108,1,3,1,2,54,2,11,1,14,20,1,87,2667,33,Churn,75.03856338376148
292,539,94270,2,0,0,51845,0,3,1,10,35,29,19,3,30,10,2,73,2004,24,Stay,43.65225060873193
293,436,4757,1,0,0,22800,0,1,1,10,86,33,15,3,27,34,2,76,4470,1,Stay,46.19706468772568
294,559,19097,3,1,0,148832,1,1,3,4,74,10,13,3,16,51,2,170,4687,44,Churn,78.95506078407564
295,408,10395,2,1,1,123614,0,2,1,1,33,34,15,2,6,61,2,130,2994,15,Churn,54.397140980887784
296,632,16241,3,0,1,62712,0,1,2,13,83,44,16,3,33,33,2,79,1200,37,Stay,48.99178618362716
297,498,27696,2,1,1,22610,1,3,1,8,44,8,10,1,18,62,2,92,3761,27,Churn,65.52599339467903
298,546,70480,1,0,0,97603,1,3,1,9,33,37,16,2,16,65,1,74,1736,38,Churn,59.141633139791125
299,703,46163,3,1,0,53872,1,1,1,4,37,33,18,2,12,72,1,136,1555,48,Churn,70.04044541226781
300,607,19816,3,1,1,30728,0,4,3,10,109,47,0,3,20,90,2,82,3713,27,Stay,48.067356427318146
301,530,49840,2,0,0,115102,0,2,1,3,89,6,11,2,29,17,2,74,138,44,Stay,42.923702364841986
302,551,52853,3,0,0,115319,0,4,2,2,113,44,14,1,30,68,1,44,3184,12,Stay,47.812625768277236
303,453,24917,2,0,1,142049,1,2,1,5,25,40,17,1,26,54,1,45,4339,3,Churn,72.13433254225579
304,519,96731,2,0,0,40583,0,4,1,14,68,45,13,2,22,36,2,196,2831,30,Stay,43.13268267010661
305,560,21566,2,1,1,105774,0,1,1,3,90,19,0,3,33,61,2,82,2515,32,Stay,45.52333645643362
306,515,75452,2,0,0,27263,0,2,2,10,63,32,12,3,29,27,2,192,858,23,Stay,45.57294810408477
307,474,62823,1,1,1,146374,0,2,1,7,88,27,14,2,22,95,2,92,4442,2,Churn,50.523728467923966
308,512,20806,2,0,0,87450,0,2,2,11,25,1,6,1,13,25,2,98,3216,7,Stay,48.564907297809356
309,503,75520,4,0,0,109285,0,3,2,6,24,43,14,2,9,75,2,186,864,34,Stay,43.70047193213476
310,739,1759,3,1,1,39456,0,3,1,1,107,33,19,3,24,14,1,84,2522,32,Churn,52.818197819596755
311,653,41949,4,0,0,111118,1,4,2,12,20,40,9,3,15,91,2,88,1414,53,Churn,73.26029653403177
312,626,92374,1,0,0,85942,1,1,3,8,74,32,13,2,13,12,2,28,4402,39,Churn,61.3899805483324
313,511,2482,4,0,1,33689,1,3,1,2,88,5,5,1,27,90,1,175,4095,32,Churn,76.69001562997306
314,498,24442,3,0,0,52934,0,2,1,5,99,17,13,2,7,89,1,192,4129,43,Stay,41.491109281700226
315,552,33719,4,1,1,53276,0,3,2,9,77,8,11,1,8,79,1,45,3793,43,Stay,46.580543210589305
316,748,58066,1,1,0,136349,1,1,2,8,52,42,10,1,14,16,1,47,3285,14,Churn,55.32680273702276
317,783,93501,2,0,0,149336,0,3,1,2,78,34,19,2,12,59,2,59,2966,3,Stay,45.6381872996754
318,765,2079,4,0,0,121968,1,2,3,9,108,9,18,2,17,23,1,162,1417,46,Churn,73.03874259112273
319,737,2717,1,0,0,39873,0,4,2,5,22,23,1,1,29,47,1,153,800,32,Stay,43.91915563454156
320,593,59676,1,1,1,33050,0,2,2,10,19,35,19,1,27,88,2,46,4483,43,Stay,47.43123118938315
321,709,27952,3,1,0,86216,1,1,3,14,84,7,0,1,1,56,1,57,2301,36,Churn,70.73992974841713
322,562,86444,3,1,1,104444,1,4,3,6,91,15,7,1,34,42,1,104,1693,17,Churn,67.57143388633503
323,607,42460,4,1,0,104040,1,3,1,13,107,20,13,3,4,52,2,83,4087,48,Churn,71.70590244226346
324,568,90397,2,0,0,41644,1,3,3,3,112,25,8,2,24,38,2,49,4245,3,Churn,73.73980685954368
325,560,72847,1,0,0,82021,1,3,1,13,50,3,1,1,21,66,2,118,1330,57,Churn,58.23306396297648
326,467,93607,4,0,0,57125,0,4,3,3,115,46,4,2,33,14,2,150,2712,10,Stay,48.481921800614124
327,688,89106,1,1,1,86899,0,2,2,10,59,24,7,1,7,69,2,31,3237,53,Stay,47.43123118938315
328,797,18449,1,0,1,62291,0,4,1,8,96,34,15,2,1,79,2,110,2008,47,Stay,45.81411508814821
329,676,33536,2,1,1,55060,1,4,1,11,80,46,15,2,3,11,2,49,1890,40,Churn,63.2836483332228
330,703,64077,2,1,1,21538,1,1,1,10,68,22,12,1,15,79,1,57,3028,18,Churn,70.66224954642325
331,783,38258,4,0,0,56176,1,4,3,10,48,11,19,1,31,52,1,104,1188,3,Churn,75.0472410914541
332,791,48302,2,0,1,142430,1,3,2,12,12,48,14,2,16,13,2,79,2481,39,Churn,68.4425132046069
333,534,28865,2,0,1,61520,1,2,1,2,85,8,0,2,10,65,1,57,4227,10,Churn,74.02243736662794
334,594,6645,4,1,0,45675,1,2,1,11,16,39,2,2,29,68,2,123,3045,52,Churn,66.11281368634694
335,527,38000,2,1,0,38287,0,2,1,12,58,43,5,3,6,98,1,162,3669,9,Stay,46.29680117744456
336,432,26737,3,0,0,20174,0,3,1,12,35,35,13,1,29,18,2,165,1265,46,Stay,42.01723182049318
337,575,11485,1,0,0,112268,0,3,2,2,42,49,3,3,17,12,1,199,700,55,Stay,45.03278310262776
338,770,38565,1,1,1,54998,0,3,3,13,110,46,17,3,22,99,2,48,2125,46,Churn,50.93277500037263
339,774,25522,1,0,1,122591,0,3,2,5,57,38,14,1,24,57,1,131,1684,11,Stay,46.15387471279288
340,421,65155,1,1,0,73312,1,3,1,6,88,8,8,1,17,52,2,40,1087,33,Churn,50.946871899059744
341,637,55168,4,1,0,32112,1,4,2,12,11,37,17,3,21,10,1,164,2065,36,Churn,73.66695118576116
342,557,52487,1,0,0,125410,1,3,1,2,114,27,2,1,11,66,1,165,1539,26,Churn,67.86499620762314
343,437,12342,1,0,1,95225,1,3,3,5,80,28,9,2,7,62,2,138,4715,27,Churn,56.088607898864595
344,629,40806,1,0,1,64814,1,3,3,7,41,40,16,2,5,25,1,184,968,38,Churn,61.267662755039254
345,764,48770,1,0,0,105091,1,3,3,10,13,34,6,3,21,60,1,79,2163,22,Churn,66.80323459225382
346,450,78623,3,1,0,70719,0,2,1,10,29,32,14,3,18,84,1,185,1229,26,Stay,46.29680117744456
347,663,99785,1,1,1,149887,1,3,2,8,45,15,0,1,35,99,1,159,4478,22,Stay,47.26698335965862
348,682,75629,3,1,0,53919,1,4,3,12,41,44,10,1,20,64,1,132,4556,5,Churn,67.30585540188059
349,426,52603,4,0,0,93155,1,4,1,7,37,17,16,3,15,10,2,148,3829,35,Churn,73.92680569209894
350,625,81974,2,1,1,91569,1,4,1,8,86,33,4,3,5,99,2,77,2034,2,Churn,72.66580633058724
351,676,26399,1,0,0,61328,0,1,2,14,10,47,6,2,13,37,1,22,1176,35,Stay,47.668593574738786
352,685,85382,2,0,1,90482,0,2,3,12,69,46,18,2,12,62,2,168,1739,9,Churn,52.76574451595945
353,496,81244,2,0,0,44618,1,3,1,9,65,16,14,1,21,67,1,42,1492,51,Churn,74.9916606185897
354,683,76534,4,0,0,54675,0,1,2,5,44,29,2,2,6,82,2,156,130,51,Stay,44.052879603152675
355,766,55106,2,0,1,121794,0,3,3,13,39,9,14,1,7,69,1,102,803,49,Churn,53.25767675907227
356,716,30678,3,0,1,38919,1,1,2,5,63,33,4,1,26,68,1,74,968,18,Churn,74.27088808535387
357,703,76218,2,1,0,24173,1,1,2,11,45,49,11,1,8,31,1,129,332,43,Churn,70.56054708529882
358,546,63230,2,0,1,129369,1,4,1,10,64,29,19,2,9,17,1,135,1050,12,Churn,72.92208706096697
359,403,74055,2,1,0,46400,1,4,1,4,98,13,4,3,27,58,2,166,158,3,Churn,71.70590244226346
360,434,56373,1,1,0,70445,1,1,1,13,89,21,2,3,4,51,2,81,2918,18,Churn,61.24047468134671
361,591,31480,1,0,1,90305,0,4,2,9,67,21,8,2,21,36,2,106,3700,56,Stay,45.979680852151986
362,448,85230,3,0,0,57564,1,1,1,5,92,5,8,3,31,48,1,186,3249,38,Churn,77.92861458138486
363,416,68836,3,0,0,65814,1,2,2,14,74,10,6,1,21,92,2,119,401,7,Churn,65.98539906186977
364,571,72258,1,1,1,99747,1,4,2,2,78,6,1,3,25,34,2,46,2950,33,Churn,67.01717888853088
365,619,39986,3,0,1,108791,0,4,1,10,60,13,15,2,15,47,1,193,3044,6,Stay,44.75160927268335
366,557,24160,1,1,0,47962,1,4,3,8,31,1,8,3,35,94,1,53,2023,18,Churn,61.7506643300628
367,445,85595,4,0,1,104892,1,2,3,7,97,20,12,1,28,33,1,52,416,45,Churn,71.7632091379911
368,772,79111,2,0,1,105842,1,1,3,8,116,47,18,1,14,33,2,111,1988,22,Churn,77.50006407132969
369,405,64929,2,1,1,90533,0,3,2,12,118,46,19,2,4,69,2,115,2815,51,Churn,51.14921107325746
370,498,73506,3,1,1,76184,1,4,2,3,110,8,16,2,20,92,1,197,4885,39,Churn,70.58436255790045
371,779,34911,1,0,0,102912,1,1,2,4,62,10,5,2,34,59,2,167,1981,51,Churn,56.737505189792984
372,632,87127,1,1,0,126416,1,2,1,5,109,9,3,1,12,75,1,187,3998,9,Churn,52.50244534775973
373,436,31821,3,1,0,123591,0,3,2,6,45,49,0,3,33,23,2,114,4213,35,Stay,45.091819304518445
374,679,75039,1,1,1,30578,1,4,1,1,77,41,17,3,24,62,1,178,1278,23,Churn,73.63665725394564
375,748,60535,4,1,1,38624,1,2,1,4,45,3,18,2,20,41,2,57,3955,12,Churn,67.4939183788929
376,701,84458,2,1,1,136164,1,2,3,11,61,11,8,3,5,57,2,192,4973,52,Churn,73.02884192945581
377,580,12175,3,0,1,59194,0,3,3,12,62,12,12,3,30,48,2,60,4555,24,Churn,52.04879543560433
378,494,54771,3,0,1,129903,1,1,3,10,91,10,7,2,24,49,1,156,431,50,Churn,79.05191390115837
379,498,86925,1,1,1,20389,1,4,1,13,59,25,12,2,7,51,1,156,627,40,Churn,57.23978078504655
380,587,66358,3,0,1,119303,1,4,1,5,89,49,14,1,16,86,1,98,2159,9,Churn,72.13209793007958
381,515,17327,4,0,0,131116,0,1,1,7,50,49,10,1,15,85,2,147,1198,13,Stay,43.549408995735725
382,590,47057,1,1,0,133903,0,1,2,13,27,25,11,1,23,17,1,41,311,40,Stay,45.97698970001815
383,652,6150,1,0,1,87391,1,1,1,5,31,11,13,1,12,88,2,35,1814,54,Churn,58.51222790470595
384,560,4425,1,1,1,126429,0,3,3,13,75,36,3,3,29,35,1,51,2788,42,Stay,47.956536663899065
385,655,16032,1,1,1,33794,0,3,3,13,30,39,0,3,15,21,1,161,2430,17,Stay,44.977953975624146
386,722,2198,4,0,0,78002,0,4,1,1,109,26,3,1,29,52,2,57,3366,7,Stay,42.2488008322705
387,527,60500,1,1,0,55531,1,3,1,11,53,14,18,1,21,60,2,117,1132,17,Churn,50.946871899059744
388,417,53394,3,1,1,72815,1,2,3,7,112,39,8,2,15,91,1,155,1432,55,Churn,70.43014740257709
389,680,20079,4,1,1,24986,0,4,1,8,56,40,9,3,14,72,1,40,1940,50,Stay,48.220496586297365
390,622,36220,2,1,0,52298,0,3,3,13,48,1,3,3,16,58,2,75,4786,24,Stay,47.07340135466702
391,453,41874,2,1,0,21481,0,1,2,7,38,4,19,1,15,36,2,65,2238,2,Stay,46.518646457520425
392,457,13859,3,0,0,76408,1,2,3,11,63,30,8,3,4,18,1,62,4651,35,Churn,77.42887667887597
393,722,50460,3,0,0,89267,1,1,2,14,99,12,12,2,27,48,2,139,4191,28,Churn,74.60845709811812
394,759,31419,4,1,1,141950,0,4,1,13,94,35,11,2,23,74,1,65,543,19,Stay,47.78018683368298
395,573,8705,2,1,0,36835,0,1,1,4,26,13,10,3,29,80,1,67,4274,33,Stay,46.30599377476365
396,679,42880,2,0,0,145355,0,3,2,8,89,31,11,1,9,99,1,103,1598,21,Stay,45.88284515552844
397,513,23236,2,1,1,47798,0,3,1,5,69,38,17,3,7,80,2,50,1026,53,Stay,49.51540055817906
398,687,87955,2,0,0,111649,1,4,2,10,40,43,11,2,4,16,1,180,722,10,Churn,72.67531458598636
399,741,85514,2,1,0,84887,0,1,1,9,82,23,15,1,5,81,1,191,1579,53,Stay,43.095850346391934
400,550,15358,1,1,0,39477,1,4,3,12,104,4,4,3,5,89,2,90,3137,46,Churn,58.26817817486957
401,526,99713,3,1,1,37266,0,1,1,12,87,16,19,1,11,76,2,27,3485,45,Stay,47.780281305068705
402,554,94914,1,1,0,106328,0,2,3,10,58,7,11,1,28,19,2,149,3418,9,Stay,45.889776700647694
403,785,76918,2,1,1,105988,0,3,3,5,110,22,10,2,16,80,1,164,333,38,Churn,51.47007848506703
404,672,14596,4,1,1,147815,0,4,2,1,11,29,8,1,30,94,2,71,1717,6,Churn,50.319598114750406
405,503,33572,4,1,0,63526,0,2,1,12,57,11,17,3,4,62,2,64,2791,51,Stay,47.745925006531124
406,792,78757,2,0,0,137965,1,2,2,9,119,33,2,1,2,96,1,56,2130,53,Churn,69.54557926416548
407,698,1279,2,0,0,134615,0,4,1,12,23,29,19,1,3,66,1,189,486,42,Stay,39.218290520787505
408,645,63197,4,0,0,126870,0,4,3,5,68,39,16,3,21,95,1,63,1734,55,Stay,49.95058806662682
409,575,62516,1,1,1,147426,0,2,3,6,106,12,13,2,6,36,1,136,4233,35,Stay,49.139834170700034
410,438,7083,1,1,0,31889,1,1,1,4,108,7,0,2,18,63,2,57,1284,18,Churn,55.980246176194406
411,569,17771,2,1,0,44335,1,2,1,6,67,39,16,3,5,13,1,118,2067,53,Churn,72.28176942049066
412,646,29975,1,1,0,31254,1,4,2,12,112,42,7,3,9,97,2,143,340,19,Churn,56.699396955101214
413,425,45648,4,1,1,106610,1,2,1,8,67,48,4,2,20,32,1,25,661,5,Churn,69.93250462762536
414,754,48285,1,1,0,31442,0,1,1,3,60,26,4,1,28,57,1,87,2099,25,Stay,44.30015125210486
415,705,19063,2,1,0,66289,0,3,1,5,93,40,8,3,26,92,2,198,2029,11,Stay,46.3807500224456
416,412,67642,4,0,1,73747,0,3,2,2,11,9,2,1,18,51,2,120,2879,10,Stay,48.02435220094129
417,715,90093,1,1,1,57327,1,2,1,14,50,41,18,3,19,12,2,182,1775,17,Churn,58.285697793357336
418,790,86143,3,0,0,36199,0,1,3,2,92,34,8,2,3,12,1,153,2615,36,Stay,48.8936191799605
419,712,37599,4,0,0,92827,0,3,2,13,110,45,17,1,9,37,1,32,1777,26,Stay,44.29359421927923
420,435,51920,4,1,0,126464,1,2,2,7,91,13,15,1,31,72,2,49,4241,31,Churn,61.64048806495991
421,572,28529,3,1,0,20112,1,2,3,10,25,36,0,3,17,90,2,119,3846,32,Churn,66.9259525646682
422,419,35954,3,0,0,107051,1,1,3,13,13,25,1,1,23,40,1,21,3456,21,Churn,79.7792692381541
423,720,27856,4,0,1,39581,0,4,3,10,21,24,13,3,34,19,2,77,1751,18,Churn,52.04879543560433
424,663,2573,3,1,1,134228,0,2,1,14,38,44,13,2,5,58,2,55,4277,18,Churn,50.72366073986417
425,799,78344,2,1,0,79722,1,4,3,11,16,17,0,1,15,95,1,91,3941,1,Churn,64.12302693265055
426,541,35367,2,0,0,112036,0,4,1,10,23,2,15,3,3,30,2,192,2541,14,Stay,38.20404118868467
427,770,99608,2,1,1,117562,1,3,2,6,21,13,14,1,19,62,1,156,4985,8,Churn,66.14920667592537
428,542,60774,4,1,0,36523,1,4,2,4,108,31,14,3,28,96,1,145,694,2,Churn,73.66695118576116
429,491,23752,3,1,0,86960,0,1,3,5,14,29,11,3,3,85,1,96,2712,51,Stay,42.12880522853621
430,753,55029,3,0,0,137637,1,3,1,1,90,28,15,3,4,98,2,69,4196,15,Churn,79.98666247112524
431,721,17685,1,0,0,39552,1,3,3,7,115,27,13,2,24,63,2,51,1596,34,Churn,56.88061085024971
432,687,51693,1,0,0,143396,1,3,3,8,41,15,14,1,31,66,2,117,3655,36,Churn,56.59683487407814
433,614,55961,3,1,1,30808,0,2,1,9,83,31,14,2,11,29,2,62,4961,1,Churn,50.80149824752
434,741,76908,3,1,0,124347,1,2,3,8,52,40,18,3,1,58,1,144,4866,51,Churn,73.36048919828376
435,450,74532,3,0,0,92525,1,4,2,5,90,15,7,3,9,16,1,114,3458,21,Churn,75.67749663150562
436,552,81994,4,0,0,43620,1,3,3,3,78,33,1,2,17,38,2,97,1701,42,Churn,73.61405839368513
437,585,56133,3,0,1,124565,1,3,1,10,54,20,1,2,1,57,2,73,1014,1,Churn,70.04967712551557
438,462,97425,1,1,1,20887,1,1,1,11,115,42,9,1,3,22,2,66,1944,32,Churn,50.985648392062245
439,589,61268,4,0,1,51802,1,4,2,9,18,12,2,3,26,12,2,33,2095,20,Churn,72.42841664441116
440,524,92201,3,0,1,105024,1,1,1,6,58,37,16,2,31,11,1,195,194,54,Churn,74.12577768639812
441,549,38243,1,1,0,115549,0,4,1,5,42,9,7,3,26,25,2,74,592,47,Stay,47.50850153959829
442,713,57384,4,1,1,134737,0,4,2,13,109,23,3,3,23,15,1,176,3169,36,Stay,49.03382401819001
443,457,31653,3,1,0,138639,1,2,3,3,109,8,13,1,30,54,2,194,249,39,Churn,63.146609918700335
444,741,26657,3,0,0,138248,0,2,2,6,27,32,9,1,10,80,2,82,1146,30,Stay,43.48141952697938
445,704,39952,3,1,1,101938,0,1,3,3,18,48,0,1,8,14,2,38,2903,7,Stay,47.064349304224876
446,579,22180,4,1,1,106741,1,4,2,10,71,14,3,2,25,65,1,110,498,22,Churn,69.23411010225537
447,569,97432,1,0,1,141028,0,3,3,12,66,27,0,3,22,80,2,156,4576,57,Stay,45.32170880365628
448,725,78411,1,1,1,142746,1,2,2,6,38,25,16,2,15,41,1,120,651,50,Churn,55.77716335060888
449,670,1622,2,0,1,46049,1,3,3,4,87,13,16,2,10,58,1,56,394,45,Churn,75.8503359553526
450,453,48756,3,0,0,97789,1,1,2,2,34,21,6,1,20,22,2,126,1243,10,Churn,78.99201857623393
451,500,40809,2,1,1,104526,1,2,3,8,24,45,19,3,23,39,1,111,555,56,Churn,75.18497289793979
452,663,16725,2,1,1,27846,1,2,2,4,15,31,14,3,1,34,1,71,1653,8,Churn,74.27426807828054
453,452,61396,1,1,1,110563,0,4,1,9,51,37,12,1,2,94,1,47,268,27,Stay,42.764343159820804
454,459,51226,4,1,0,124736,1,1,3,7,38,48,1,3,19,69,2,55,4905,10,Churn,79.18919100434707
455,507,81182,4,1,1,66220,0,4,2,12,88,43,18,1,14,68,1,135,2046,14,Stay,46.580543210589305
456,404,82565,1,1,0,66163,1,2,3,2,102,5,12,2,8,94,1,83,353,46,Churn,62.669325227430896
457,502,29402,4,0,1,23765,1,1,3,4,13,13,10,2,12,37,2,37,2476,59,Churn,77.69818548108444
458,595,4263,2,0,1,137126,1,2,2,5,91,28,14,1,26,67,2,108,1420,52,Churn,65.16032377826974
459,661,96523,3,1,0,101486,0,1,3,3,66,43,9,2,27,29,1,182,2983,54,Stay,49.53792293898769
460,764,46828,1,0,1,65270,1,2,2,9,58,25,8,2,29,43,1,97,3707,11,Churn,56.94888775476639
461,771,47924,3,1,0,95277,1,3,1,13,53,35,8,1,15,14,1,186,2225,6,Churn,67.735665793341
462,749,74182,4,0,0,108278,1,3,3,5,112,47,19,2,1,91,1,109,3596,21,Churn,74.24367584112296
463,446,93065,3,0,0,146354,1,4,1,2,89,39,0,3,28,69,2,27,2340,33,Churn,73.77531908340073
464,754,59052,4,0,1,110239,0,3,3,11,84,7,16,2,3,52,2,34,500,19,Stay,46.54578962454557
465,710,11664,4,1,1,124245,1,2,3,3,23,38,11,1,18,66,1,26,2256,39,Churn,65.98386590195476
466,707,35737,2,0,1,142332,0,2,3,14,12,32,9,3,34,66,2,36,2476,24,Churn,53.32744763207104
467,543,89563,4,1,0,123159,1,3,2,9,71,3,4,3,32,84,1,105,462,18,Churn,73.66695118576116
468,668,29373,2,0,1,42931,0,4,1,7,115,45,17,2,29,63,2,137,4038,35,Stay,46.11658547577282
469,769,36397,2,0,0,109116,0,3,3,2,73,39,14,3,25,90,2,83,3951,52,Churn,55.14939741837599
470,523,86145,2,0,1,140599,1,1,2,9,111,37,5,1,26,54,1,31,3512,43,Churn,75.47838037361136
471,505,38709,1,0,0,75633,1,1,3,14,54,22,6,3,8,95,1,75,2406,37,Churn,68.87019961606609
472,557,61120,1,0,0,100702,0,1,2,4,115,8,16,2,19,46,1,193,184,19,Stay,47.668593574738786
473,546,19250,4,1,0,71913,1,3,3,13,91,17,5,2,22,93,1,194,1924,53,Churn,70.09215610381973
474,544,21172,2,1,1,139144,1,3,1,9,67,27,7,3,29,57,2,120,3985,24,Churn,72.66580633058724
475,519,11555,1,0,0,114776,1,3,1,13,29,33,11,1,33,63,2,35,407,56,Churn,55.801708855137534
476,718,87410,2,0,0,45991,0,1,3,2,67,46,13,1,35,57,1,21,4457,34,Churn,55.50927059753391
477,674,78617,3,0,0,141049,1,4,2,12,98,17,11,2,3,15,2,147,2021,22,Churn,64.17855742918192
478,491,53276,3,0,0,74845,1,2,3,10,66,42,9,2,19,43,2,111,730,4,Churn,70.19176838733537
479,457,57492,3,1,0,124092,1,3,2,12,111,12,19,1,10,72,1,124,4875,57,Churn,65.8778624126792
480,745,53002,4,0,0,118505,0,4,3,4,86,48,14,3,27,87,1,174,2471,10,Stay,49.95058806662682
481,628,89599,2,1,1,75312,1,2,2,5,77,46,6,3,15,57,2,50,3400,2,Churn,71.74588177292041
482,516,72355,3,0,1,30561,0,2,1,2,87,27,8,3,11,32,1,188,3767,8,Stay,47.9657829320065
483,717,91248,1,1,0,36901,1,2,3,10,106,48,9,3,26,93,1,183,826,33,Churn,59.641105750453114
484,678,24762,3,0,1,126041,0,4,1,1,101,8,9,1,24,22,2,66,1748,59,Stay,45.50404240564374
485,526,11046,3,0,1,115556,1,4,1,7,61,23,15,2,13,56,2,62,4412,38,Churn,67.92678301987762
486,792,96999,3,1,0,82875,1,1,3,10,46,42,6,2,32,53,1,84,1369,43,Churn,74.4321205228256
487,795,28769,4,0,0,45917,0,4,3,1,17,49,4,3,4,41,2,69,4643,59,Churn,52.95797017953318
488,528,53302,1,0,0,82120,0,4,2,11,53,29,2,1,13,35,1,20,418,28,Stay,43.552067119495234
489,457,23150,2,0,1,21988,0,4,2,11,107,20,17,1,9,62,1,163,3575,10,Stay,48.44816034808852
490,521,68247,1,1,0,133745,1,2,1,8,117,16,10,3,34,23,2,141,2878,45,Churn,57.27300289382199
491,400,4853,2,0,1,130041,1,3,2,3,14,17,14,3,7,61,2,47,3158,1,Churn,74.5103537166531
492,638,94613,4,0,0,148467,1,1,2,14,78,16,19,3,1,45,1,105,4234,34,Churn,77.40406454275778
493,689,89399,4,1,1,147400,1,3,3,10,40,19,4,2,12,17,1,101,1702,3,Churn,71.89940743105626
494,495,21792,4,1,0,34256,0,3,2,6,54,8,11,3,21,49,1,41,2356,9,Stay,47.379646406948446
495,525,59129,4,1,0,138490,1,4,1,7,18,38,3,2,11,95,2,60,929,5,Churn,65.11213795504915
496,517,74478,2,0,1,107728,1,1,2,10,115,38,14,1,14,31,1,95,955,42,Churn,75.47838037361136
497,447,67298,3,0,1,146155,1,3,1,1,41,29,8,1,34,25,2,166,2748,10,Churn,75.49983750198444
498,488,31987,2,0,1,48230,1,3,3,14,42,41,6,2,34,69,1,108,1958,12,Churn,75.8503359553526
499,636,15850,1,1,1,125466,1,1,1,6,76,36,9,2,25,69,2,197,1202,18,Churn,58.958607005809924
500,772,12112,4,0,1,79778,1,4,2,7,39,26,12,2,4,19,1,78,2581,58,Churn,70.84175900531739
501,784,24058,4,0,1,65833,1,3,3,6,85,31,7,2,26,34,2,88,1920,21,Churn,71.14780934699297
502,671,45420,1,1,0,42625,0,2,2,4,38,44,11,3,16,40,1,181,2179,21,Stay,47.71302085445395
503,588,38890,2,1,1,52088,1,3,3,1,12,12,18,1,10,30,1,186,3258,1,Churn,77.19018425788325
504,591,66017,3,1,0,99650,1,2,3,11,99,17,0,3,2,90,1,142,2540,3,Churn,65.6015375141483
505,468,47304,3,1,0,61167,1,4,2,9,66,15,15,2,35,42,1,93,3784,5,Churn,68.72931963276636
506,677,32921,1,1,1,123937,1,3,2,4,39,9,16,3,19,40,2,26,1355,25,Churn,57.34991588107676
507,748,1524,3,0,0,91291,0,1,3,7,18,39,17,3,6,99,2,120,3057,58,Churn,50.932942655814614
508,646,15048,2,1,1,85303,0,1,3,7,35,42,10,1,19,30,2,130,3751,49,Churn,51.15837513907368
509,475,35111,2,0,1,96361,0,3,2,2,11,48,17,3,8,45,2,199,2339,8,Churn,52.43643463901751
510,553,37904,1,0,0,108229,0,4,1,1,71,12,6,1,14,74,2,71,2039,17,Stay,42.23660125231381
511,543,54912,2,1,0,24117,0,4,2,8,12,32,17,2,10,13,1,43,369,9,Stay,46.630111891811495
512,485,34008,4,1,1,110265,0,1,3,8,55,25,7,3,3,77,2,45,4930,32,Stay,47.0136390007464
513,584,60,1,1,1,148938,1,3,2,7,77,39,5,2,29,99,2,144,4164,6,Churn,53.704035494792656
514,684,74666,2,0,0,117718,0,4,1,14,34,18,6,1,15,13,2,109,3875,49,Stay,43.588716020805826
515,619,83559,1,1,0,80710,0,1,2,8,60,15,9,2,23,18,2,141,1212,40,Churn,50.71760179354583
516,468,55337,3,1,0,114426,1,2,3,3,22,32,10,2,23,39,1,29,748,21,Churn,67.76854124838603
517,446,13350,2,1,0,114876,0,3,2,11,112,6,12,1,18,54,1,36,1279,7,Stay,43.62498829721077
518,493,24354,4,1,1,87054,1,2,3,2,53,44,8,2,19,13,1,21,2242,7,Churn,76.73712433142127
519,637,45186,2,1,1,50949,1,2,3,7,44,43,6,2,28,78,1,131,116,47,Churn,70.43014740257709
520,603,28145,1,0,1,42547,0,4,2,8,64,35,8,2,26,32,2,46,216,39,Stay,45.979680852151986
521,799,34020,1,0,1,101882,1,4,3,1,96,34,12,3,10,25,2,90,1645,54,Churn,66.91645939471678
522,617,86123,2,0,0,88136,0,4,3,12,18,38,2,2,4,31,1,195,3251,27,Stay,49.33055198582325
523,740,75186,4,1,0,131541,0,3,1,10,11,5,2,1,2,81,1,137,2793,8,Stay,37.48479767031823
524,438,85469,4,1,1,136883,1,2,1,9,70,18,0,3,3,57,2,28,4189,9,Churn,66.85743015290775
525,499,20581,4,1,1,84619,1,3,1,13,50,16,19,3,7,71,2,105,1376,28,Churn,72.66580633058724
526,688,88929,1,0,1,81842,0,4,1,11,53,8,1,1,16,69,1,42,3340,15,Stay,44.77779360519218
527,653,23051,2,1,1,114803,1,2,3,4,73,25,2,2,31,89,1,92,3888,2,Churn,70.99829524256293
528,621,51474,3,1,1,121858,1,3,2,14,40,32,14,3,10,14,1,46,471,7,Churn,75.22562514873334
529,756,91748,1,1,1,46990,0,3,3,12,117,26,5,3,19,89,1,112,2907,47,Stay,49.56028791372813
530,422,69626,4,0,1,36193,0,1,3,14,56,22,12,3,28,16,2,100,255,18,Churn,53.79895023082629
531,649,6960,2,1,1,50109,1,3,3,4,11,31,0,2,17,60,2,103,2761,22,Churn,70.80775715846092
532,409,35772,4,0,1,39233,0,4,2,3,105,43,19,3,28,74,2,62,564,50,Stay,47.23812105497596
533,645,21520,3,1,0,133557,0,3,1,6,91,10,18,1,19,18,1,26,4978,10,Stay,41.792897995142894
534,724,49481,4,0,1,101730,0,2,3,1,86,12,0,2,23,91,2,111,4999,54,Churn,50.04701286917512
535,499,36408,4,0,0,148133,0,3,3,6,119,28,1,1,20,54,2,102,4415,50,Stay,49.796366985924415
536,689,94006,3,0,0,54510,0,1,1,2,78,6,14,1,13,56,1,103,1873,33,Stay,46.7878629967709
537,579,57134,2,1,1,21306,0,2,3,9,67,20,13,3,13,76,1,63,216,7,Churn,51.88448199030514
538,622,20491,1,1,1,23849,0,2,2,2,115,5,18,3,11,33,1,186,2203,3,Churn,51.817219994152396
539,793,1341,2,0,0,32360,1,1,3,7,53,23,10,3,15,19,1,59,1474,14,Churn,82.99584725768521
540,649,44623,3,0,0,131072,0,4,3,12,83,9,14,1,17,82,1,154,3303,44,Stay,49.08336209859767
541,546,90327,4,1,1,142207,1,2,1,1,65,29,5,2,28,86,1,44,4503,46,Churn,79.68092881744528
542,495,338,2,1,0,114767,1,4,3,12,52,16,19,3,19,57,2,78,3646,36,Churn,73.46462841218701
543,656,71431,1,0,1,65800,1,2,3,7,98,46,8,3,4,44,2,160,4077,13,Churn,60.538756965150334
544,724,12254,3,1,1,148442,0,2,2,5,43,22,4,1,22,63,2,122,4417,16,Stay,47.743571209943916
545,403,51860,2,1,1,56963,0,4,1,8,110,8,19,2,22,96,2,105,1296,16,Stay,49.2033707620272
546,415,11344,1,1,0,74330,1,2,1,4,39,20,1,1,34,90,2,131,3511,54,Churn,52.04209696462425
547,679,1750,3,1,0,71707,0,4,2,12,80,14,5,3,33,80,2,105,896,5,Stay,48.614780735559755
548,735,54756,1,0,1,38689,1,1,3,10,79,39,17,1,33,25,1,117,3992,52,Churn,63.401094975833274
549,646,67957,3,1,0,49084,0,4,1,7,64,37,18,3,12,62,1,81,250,25,Stay,44.997042770482274
550,657,58053,4,1,0,60387,0,1,1,6,76,34,8,2,2,49,1,27,3349,38,Stay,41.26571207804935
551,783,70855,2,0,0,94816,1,2,3,5,22,11,5,1,28,29,2,132,211,38,Churn,71.49247730730525
552,559,15896,1,0,0,22642,1,4,3,4,12,40,13,3,10,97,2,192,782,50,Churn,61.16042455597424
553,739,55761,3,1,0,62137,1,2,1,7,35,33,12,3,22,78,1,165,1261,38,Churn,72.28176942049066
554,551,62552,1,1,0,99832,0,4,3,12,66,31,10,3,17,54,1,79,2479,39,Stay,47.93418270304532
555,795,77454,1,1,0,75561,1,1,1,5,33,44,11,3,26,15,1,79,260,56,Churn,63.10830437228972
556,577,90600,2,1,1,82260,0,1,3,5,62,34,18,1,3,78,1,125,1525,56,Stay,41.65185729439503
557,562,27935,4,0,0,35438,0,4,3,1,79,7,18,3,7,58,1,21,3761,48,Churn,54.17365418818099
558,779,37641,1,0,0,68442,0,1,2,2,52,49,18,1,8,48,2,110,377,41,Stay,48.95163749628601
559,432,29711,3,0,0,123061,1,2,3,5,69,23,12,3,20,11,2,33,3491,26,Churn,74.97966830488225
560,578,70342,3,1,0,22994,1,2,2,13,67,46,13,1,12,48,2,67,1656,59,Churn,61.64048806495991
561,500,12182,4,1,0,143439,1,3,3,3,58,7,17,1,35,30,1,122,4692,13,Churn,67.30585540188059
562,667,87833,3,1,0,145844,0,1,1,14,51,25,11,3,17,49,2,75,2015,44,Stay,47.953169342488344
563,722,56276,4,1,0,133530,0,2,1,13,85,3,3,3,28,91,1,31,4850,51,Stay,44.70505652032542
564,464,19541,3,0,0,119575,1,4,3,2,109,38,9,3,10,63,2,74,3207,26,Churn,81.13150360753963
565,567,94457,2,0,1,21813,0,1,3,14,75,20,16,3,22,21,1,175,402,55,Churn,55.48791405657094
566,729,82310,1,1,0,113027,0,2,1,14,20,34,3,2,33,90,1,129,4633,55,Stay,45.75034300105714
567,442,44813,2,0,0,143489,1,1,3,4,112,49,11,3,22,46,2,23,2873,1,Churn,82.86361089970427
568,443,37198,1,1,0,104381,1,4,2,4,107,44,12,3,13,47,2,55,4381,8,Churn,56.699396955101214
569,684,8820,1,1,0,138808,1,2,2,4,99,44,3,3,27,24,2,197,3345,4,Churn,53.868148300707574
570,796,24070,1,0,1,75276,0,3,2,4,27,30,9,1,15,16,2,150,4868,21,Stay,45.98278998766697
571,411,69768,2,1,1,61243,0,3,2,3,94,17,2,3,22,87,2,20,1100,22,Churn,50.51651928108279
572,494,11122,1,1,1,82912,0,1,2,13,109,10,14,1,30,59,1,36,3934,51,Stay,47.544360493633015
573,701,80559,2,0,1,80272,0,4,3,12,113,35,1,1,34,74,2,81,4106,53,Churn,51.95411691710419
574,785,73543,4,1,1,122700,0,2,3,7,61,20,16,1,34,76,2,67,4878,58,Stay,49.346953453131206
575,652,83441,3,1,1,62051,1,4,2,9,55,18,5,1,35,53,1,81,1818,37,Churn,66.14920667592537
576,641,41786,3,0,1,98854,0,2,3,12,53,45,7,2,19,40,2,88,3930,49,Churn,51.163481670093624
577,434,94934,1,1,1,102736,0,1,3,5,31,44,2,3,8,52,1,166,3281,3,Stay,49.62058941932746
578,614,99804,2,0,1,141992,0,2,2,4,62,27,17,1,33,86,2,122,2982,19,Stay,47.896798911430835
579,736,6737,3,1,1,142019,1,4,3,11,68,49,0,3,28,57,2,129,1098,1,Churn,72.70670455219806
580,489,36062,2,0,1,85618,1,4,3,2,103,36,15,1,25,91,1,181,384,29,Churn,79.36071265505991
581,663,54237,2,0,1,21920,1,1,3,2,116,23,6,2,17,90,2,196,520,23,Churn,83.1329466608977
582,492,51571,1,0,1,126121,0,4,2,5,39,32,2,1,24,90,2,194,2260,33,Stay,44.52416402690948
583,489,25510,3,1,1,97219,1,2,3,7,17,10,3,3,21,70,2,110,3165,55,Churn,71.74588177292041
584,514,19426,1,0,1,96872,1,1,1,10,107,11,8,3,2,84,2,133,2375,52,Churn,60.934955181856274
585,504,37265,1,0,1,101132,1,2,1,10,66,38,4,2,31,93,1,197,1594,41,Churn,58.90314051043028
586,790,17850,3,0,0,22093,0,4,2,9,82,6,18,3,33,19,1,108,3984,23,Stay,45.15123761324856
587,595,66150,3,0,1,32905,1,1,1,13,29,41,14,3,30,38,2,173,4723,5,Churn,76.73751727251927
588,713,87312,4,0,0,141759,0,2,2,7,113,47,7,1,12,57,2,75,2643,7,Stay,43.48141952697938
589,513,89613,4,1,1,44351,0,4,1,5,34,34,5,3,12,90,1,97,4226,57,Stay,48.220496586297365
590,474,74910,2,1,1,50981,1,4,1,10,28,36,17,1,24,71,1,33,4357,58,Churn,67.9823594634827
591,775,52375,3,1,0,93903,0,3,1,10,14,37,18,2,24,22,2,44,1941,6,Stay,46.04181549027498
592,616,35435,4,1,1,90821,1,4,2,10,84,17,14,3,11,53,1,151,4900,49,Churn,75.22562514873334
593,676,96443,2,1,0,129200,0,2,2,6,88,40,6,1,13,56,1,51,821,22,Stay,43.275225958659156
594,648,57132,2,1,0,123241,1,1,3,11,81,40,9,3,27,73,1,101,1501,49,Churn,78.64874599927623
595,563,78945,2,1,0,102289,1,3,2,12,92,12,5,1,8,62,1,97,545,13,Churn,65.8778624126792
596,793,82050,4,0,1,136506,1,4,1,3,96,21,13,2,10,99,2,125,2891,12,Churn,67.92678301987762
597,756,95402,3,1,1,104021,0,4,1,5,36,40,16,1,8,86,1,39,4622,4,Stay,44.769900353209735
598,591,2983,1,0,1,98513,1,4,2,8,49,19,8,3,20,85,2,93,3867,8,Churn,55.363428046198
599,626,97241,2,0,0,39874,0,2,2,1,105,3,18,1,8,53,2,29,2651,37,Stay,46.74250728013447
600,576,20662,4,1,0,70931,1,3,2,12,35,18,4,3,9,37,1,142,2067,31,Churn,73.66695118576116
601,498,23510,4,0,1,27674,0,2,3,1,36,19,6,2,7,11,2,53,3988,37,Churn,52.22053957298179
602,435,78187,1,0,1,70516,0,3,1,7,71,47,18,1,14,66,2,174,4916,45,Stay,44.30464551015497
603,495,40998,1,0,1,141982,1,1,3,14,92,6,19,3,28,66,1,59,2831,26,Churn,69.11236713023932
604,551,56846,4,0,1,148408,1,2,3,5,59,16,6,3,2,43,1,146,2729,43,Churn,74.11333786943088
605,550,94071,3,1,1,114574,1,2,1,14,51,8,1,3,8,96,1,52,2064,8,Churn,75.15717128758855
606,589,6640,1,1,0,80686,1,1,1,5,38,48,15,1,13,67,2,90,1157,40,Churn,55.58192998947862
607,623,44547,4,1,0,114851,1,3,2,1,48,18,12,1,21,61,2,156,4931,33,Churn,74.62062197361205
608,436,54620,1,1,0,89212,0,4,2,9,69,48,7,1,28,38,2,163,857,45,Stay,46.01817550147457
609,667,15317,3,1,1,22426,1,1,3,1,50,43,5,2,35,44,2,152,1895,29,Churn,83.50054978455879
610,768,7564,2,1,0,142952,1,4,2,5,42,39,5,3,23,84,1,117,1743,5,Churn,73.66695118576116
611,582,27345,1,1,0,110009,0,4,2,10,92,49,8,3,15,57,2,143,4949,28,Stay,49.3795955846209
612,412,94223,3,1,0,88498,1,1,1,9,110,49,3,2,2,42,1,170,123,53,Churn,67.27907030579391
613,678,79273,4,1,0,49943,1,3,1,14,92,12,10,2,12,84,1,62,1339,40,Churn,68.21410302259942
614,616,74859,1,1,0,86395,0,4,2,4,106,45,4,1,3,82,1,133,4250,17,Stay,38.321635981893046
615,754,80765,1,0,1,64816,1,1,1,13,25,10,16,1,5,87,1,108,3197,55,Churn,62.801944818388435
616,760,74038,4,1,0,24138,1,2,2,8,32,7,19,1,3,18,2,198,1404,23,Churn,56.997053759385764
617,685,52393,2,0,1,120728,1,2,1,6,16,46,6,1,19,57,1,32,2642,45,Churn,72.13433254225579
618,672,66081,4,0,1,111176,0,2,1,11,35,1,14,1,2,76,2,147,3812,9,Stay,41.78231881018953
619,768,29430,1,0,1,95945,1,1,1,3,105,49,14,1,17,92,1,171,4055,2,Churn,62.801944818388435
620,461,75532,4,0,1,24017,0,2,1,4,21,36,13,2,14,45,1,158,4629,32,Stay,44.601422512716475
621,483,27788,3,1,1,30451,1,4,2,2,81,21,12,2,28,80,1,71,4403,51,Churn,76.66515077875981
622,767,95505,4,0,0,82956,0,2,3,1,14,37,10,2,27,53,2,36,4328,52,Stay,49.7720332011106
623,616,48543,1,1,0,113863,1,2,1,13,115,24,12,3,10,91,1,184,1405,49,Churn,60.00674442651034
624,741,13919,4,1,1,30278,0,4,2,14,101,25,8,3,3,69,1,32,4564,31,Stay,42.66744350590964
625,796,69346,2,0,1,110480,0,2,2,8,78,7,9,1,25,72,1,103,3274,7,Stay,48.19948244374097
626,586,96122,4,1,1,63764,0,4,1,1,58,42,3,2,22,14,1,116,3728,30,Churn,50.214440833785844
627,418,39974,2,0,0,143030,0,2,3,14,35,17,16,3,30,96,2,125,881,58,Churn,50.37595400596713
628,576,16371,3,0,1,21134,0,4,1,13,14,29,13,3,21,95,2,115,666,3,Stay,44.91626470247042
629,499,45084,2,1,0,82943,0,2,2,11,31,30,17,2,30,99,1,27,4722,51,Stay,46.32518898283858
630,795,29629,4,1,1,115667,1,4,3,1,88,7,10,3,28,85,1,75,4232,51,Churn,82.883514456406
631,632,51184,1,0,0,74318,1,1,2,4,22,33,15,3,31,49,2,123,4373,56,Churn,60.96479548070791
632,475,61916,2,1,1,123423,0,4,1,10,37,7,0,2,26,28,2,102,738,9,Stay,43.94712411079178
633,664,73972,3,1,0,123998,0,2,3,12,42,24,6,3,22,56,2,63,3800,10,Stay,49.80471805955043
634,683,62187,2,1,1,80128,0,2,2,10,116,11,9,2,21,74,1,122,4267,46,Stay,49.652232848742294
635,605,12984,2,0,0,108056,0,3,2,6,32,9,8,3,1,76,2,131,2499,50,Stay,44.72837283173499
636,622,33039,2,0,0,41869,1,4,2,9,106,12,2,2,13,27,1,188,2770,58,Churn,73.07392885703415
637,783,85431,3,1,0,122468,0,1,1,1,116,35,13,3,21,59,2,168,1272,47,Churn,53.133188621791504
638,451,83691,4,1,0,137034,1,4,3,7,27,4,14,3,9,39,2,61,1820,26,Churn,73.46462841218701
639,738,58606,2,1,0,25039,1,4,1,10,39,36,1,2,17,75,1,176,204,1,Churn,72.19753175552762
640,766,10616,2,1,0,41281,0,1,1,11,35,28,13,3,21,14,2,164,1782,30,Stay,47.953169342488344
641,543,50072,1,1,0,132935,0,4,1,5,25,13,15,2,31,51,1,49,4416,57,Stay,45.82076334037907
642,772,24574,3,0,1,30442,1,1,3,12,86,23,6,2,22,93,2,45,1949,38,Churn,77.69818548108444
643,468,3430,2,1,1,93788,1,1,1,8,48,19,3,3,12,14,1,144,962,15,Churn,75.84182762245702
644,498,12676,3,0,1,139729,0,4,1,14,42,42,17,1,6,59,2,38,3545,25,Stay,44.6865321166666
645,795,10816,2,1,1,47586,0,4,1,7,35,37,4,3,16,94,2,72,2665,6,Stay,49.51540055817906
646,424,32733,4,0,1,73053,0,2,1,4,57,39,5,1,26,67,1,104,398,18,Stay,44.78439741042472
647,778,85680,4,1,0,70489,1,2,2,4,74,24,6,1,5,88,1,36,3008,1,Churn,64.84792962232999
648,452,2050,2,0,0,103104,1,3,1,6,47,16,14,3,9,93,1,193,4237,56,Churn,77.3843734715285
649,550,33933,4,1,0,106346,0,3,2,6,11,33,0,1,14,17,1,123,870,3,Stay,40.821559238266545
650,543,24951,2,0,0,87087,1,4,1,9,15,12,3,2,30,40,2,124,2639,17,Churn,69.32761678441942
651,456,32413,4,0,0,32625,1,1,3,12,55,34,0,2,26,21,2,123,1562,48,Churn,75.15747110507107
652,438,34801,1,0,1,54397,0,3,2,5,59,7,10,1,29,30,2,192,3954,8,Stay,45.98278998766697
653,508,55619,1,0,1,78671,0,4,2,8,47,11,17,2,19,71,2,196,3218,49,Stay,45.979680852151986
654,580,32913,1,0,1,136214,1,3,2,5,115,31,13,3,8,99,2,166,2232,40,Churn,55.363428046198
655,441,40600,3,0,1,111785,1,1,2,2,97,29,10,2,23,42,2,143,1809,17,Churn,79.22099541024195
656,585,57775,3,1,0,86897,0,4,3,6,27,13,9,1,35,35,1,100,1090,25,Stay,45.209718916632376
657,797,90816,1,0,0,46149,0,1,1,9,36,31,16,3,31,99,2,56,810,41,Stay,46.082488794074436
658,622,90093,3,1,0,80030,0,4,2,13,50,2,3,2,35,49,2,140,4404,12,Stay,45.344408144457695
659,521,35400,4,1,1,89906,0,3,3,3,81,39,14,3,32,74,1,89,138,29,Churn,52.24195696986952
660,532,4494,2,1,0,25283,0,2,2,1,101,15,15,1,5,68,2,173,1375,25,Stay,47.37767223908673
661,562,80688,2,1,1,27610,1,3,1,1,83,11,12,2,16,24,2,149,4957,51,Churn,78.00551089604653
662,614,89431,2,1,0,63326,1,3,2,13,26,34,8,3,17,10,2,78,1536,36,Churn,72.19450502143603
663,620,74691,1,0,0,34924,1,2,3,3,71,39,10,3,32,20,1,137,3093,53,Churn,65.97377743965502
664,634,97419,3,0,1,133143,1,2,1,10,38,4,10,2,32,64,1,152,1569,54,Churn,70.20722785210745
665,730,43001,4,0,0,130253,0,4,3,5,67,11,5,3,20,11,2,56,2199,25,Stay,49.4003655827537
666,545,67364,4,1,0,96162,0,4,1,3,79,29,0,3,2,74,1,50,473,29,Stay,39.01999515903608
667,638,45028,1,0,1,120297,0,1,1,9,87,2,5,1,20,53,2,118,4351,11,Stay,44.6615005493911
668,475,97659,4,0,0,20869,1,1,1,8,31,16,12,1,18,25,2,113,4125,4,Churn,74.67412090930978
669,408,37573,4,0,1,117088,1,3,2,3,15,39,4,1,1,31,2,195,1213,14,Churn,64.11541386992914
670,473,806,4,0,0,21014,1,2,3,9,35,13,14,1,29,27,1,25,2826,46,Churn,73.00561114889145
671,652,56638,4,0,0,30103,0,1,3,13,48,37,17,1,29,56,2,34,2498,38,Churn,50.2504436162988
672,629,29757,3,1,0,102522,1,3,3,6,21,17,19,1,19,90,2,162,3334,17,Churn,65.6163243444979
673,406,34636,4,0,0,130317,0,2,1,13,108,21,13,2,6,39,2,35,1365,2,Stay,41.358615719288636
674,573,80097,2,1,0,116007,0,4,2,7,23,44,14,1,8,19,2,39,3223,8,Stay,44.958228500644736
675,540,48280,1,1,0,53458,0,3,1,4,31,19,4,3,24,67,2,96,753,36,Stay,47.50850153959829
676,567,24262,3,1,0,110605,0,4,3,4,60,7,3,2,20,71,1,63,4258,10,Stay,46.630111891811495
677,569,80435,4,1,0,102409,0,1,2,12,32,38,1,3,14,94,2,189,608,7,Stay,49.576604900637065
678,792,62211,3,1,1,43248,0,1,2,13,57,8,6,1,5,89,1,65,2439,36,Stay,47.99355401062576
679,682,54842,4,0,1,109160,1,2,2,2,80,13,9,1,34,15,2,114,3262,16,Churn,70.39376515742401
680,521,56979,2,0,0,63516,0,3,3,5,113,37,15,3,16,76,1,181,1787,14,Churn,51.55496524135786
681,593,81470,1,0,0,49061,0,4,2,8,59,2,9,3,7,50,2,83,1488,16,Stay,43.92411238440593
682,404,38197,4,1,1,44170,1,2,2,7,98,41,17,3,16,52,2,176,2297,25,Churn,71.74588177292041
683,428,41844,4,0,0,28024,0,1,1,7,22,11,16,2,7,94,1,150,4011,41,Stay,43.06575534168401
684,564,64754,4,0,0,102214,1,1,1,6,94,24,12,1,27,86,1,28,3028,4,Churn,75.57084163026168
685,738,34157,4,1,1,123792,1,3,2,3,114,6,0,3,14,27,2,172,4899,29,Churn,70.23277404532752
686,535,77129,1,1,0,105947,1,4,2,5,19,26,0,1,14,67,1,61,615,56,Stay,47.07242727273642
687,764,40042,1,1,0,63803,0,3,1,13,64,7,14,3,33,69,1,193,3758,6,Stay,45.9984060418039
688,720,61665,2,1,1,39296,0,4,1,1,18,39,0,1,33,97,2,92,1933,1,Stay,47.64316176826723
689,741,82856,1,0,0,111829,1,4,1,7,88,19,5,2,20,36,2,103,129,39,Churn,54.025942353523725
690,544,27376,4,1,0,112708,0,3,3,9,61,6,12,1,7,77,2,78,3314,1,Stay,46.76963819157889
691,726,55554,2,1,1,106664,0,2,3,1,11,43,0,3,32,31,2,40,425,51,Churn,53.031361761559836
692,616,14199,2,0,0,38257,1,3,1,13,34,29,4,1,3,33,2,169,3866,40,Churn,69.96383643419784
693,700,81412,2,0,1,32855,1,3,2,2,22,43,8,2,29,49,1,176,4211,57,Churn,77.6987911618798
694,531,50948,4,1,0,105178,0,1,1,3,107,39,16,2,24,83,2,82,210,3,Stay,47.62433218309645
695,691,73781,3,0,0,149876,1,1,3,3,60,2,15,1,22,75,1,92,206,1,Churn,82.13873773364814
696,469,72750,4,1,1,121121,1,3,2,8,67,19,7,3,6,49,2,80,2526,1,Churn,74.39589186790178
697,651,66262,1,1,1,143324,1,3,3,7,43,4,16,2,24,15,2,83,4478,39,Churn,55.29577533165004
698,674,46600,1,0,0,40025,0,1,2,6,44,6,14,2,23,27,1,88,4464,21,Stay,47.668593574738786
699,763,76898,4,0,1,24458,0,4,3,10,111,49,0,1,10,90,2,187,2631,45,Stay,47.29635024554253
700,581,62483,4,1,1,83610,0,3,2,10,12,37,11,2,16,96,1,148,3244,30,Stay,49.865623847192346
701,566,18297,2,1,0,90843,1,2,2,11,115,28,4,2,11,39,1,125,4793,32,Churn,66.35065377607032
702,490,30448,4,1,0,127237,0,2,2,4,68,30,5,3,32,30,1,84,898,33,Stay,46.86526927022119
703,601,26172,2,0,0,103961,1,2,2,9,79,7,0,3,6,71,2,141,2537,48,Churn,66.67254759533822
704,745,42874,1,1,1,69831,0,3,3,1,57,9,0,3,24,19,2,81,2111,22,Churn,50.44715988993291
705,418,7657,2,1,1,63427,0,4,3,11,73,25,9,1,33,22,2,122,525,30,Stay,49.48722340070971
706,438,84386,4,1,1,113809,1,4,2,2,28,33,9,2,12,85,2,79,3144,54,Churn,74.85382839071438
707,525,25425,1,1,1,58506,0,1,2,14,76,1,2,1,27,18,2,65,3388,46,Stay,43.00217589247827
708,572,26685,3,1,0,25668,1,3,3,4,91,6,16,2,18,77,2,24,3014,4,Churn,68.51008067543144
709,540,24578,2,0,1,111470,0,4,2,3,112,18,18,2,13,48,1,132,1339,23,Stay,48.54928705158885
710,641,28831,1,1,0,67195,0,3,2,1,82,10,10,2,30,33,2,169,3491,55,Churn,51.38021423974778
711,619,7906,2,1,1,93233,1,1,2,5,85,28,17,3,13,43,2,89,4313,44,Churn,79.12529882373653
712,525,61413,1,1,0,44417,1,1,1,7,14,11,1,1,34,70,2,179,4097,25,Churn,56.99998929181525
713,457,54028,1,1,0,101982,1,1,2,2,76,33,8,1,30,50,2,30,3106,12,Churn,61.6993958523426
714,547,7287,2,0,0,126133,0,2,1,5,20,1,16,2,25,14,1,157,3139,17,Stay,43.49925769756031
715,716,33660,3,0,1,30751,0,3,2,6,103,13,13,1,2,88,1,186,698,53,Stay,43.66721788899831
716,782,75758,1,0,0,66218,0,1,3,11,77,37,3,3,18,59,1,117,2187,15,Stay,49.633147993489416
717,760,60504,1,1,0,146649,1,3,1,7,78,20,16,1,5,13,1,50,1284,10,Churn,54.59517984724486
718,400,59720,1,1,1,27352,1,2,1,1,10,1,16,2,19,60,1,31,2850,35,Churn,72.07503769186611
719,786,34701,3,0,0,99052,1,2,2,7,100,3,11,3,18,61,2,127,2684,55,Churn,71.19641835585018
720,747,83300,3,0,1,108835,0,1,2,4,101,18,19,3,32,48,1,99,4859,52,Stay,49.09069726729282
721,589,17674,4,0,1,117493,0,1,1,8,72,41,17,2,21,17,1,185,3613,52,Stay,46.20043535900952
722,590,83560,2,1,0,48927,1,4,3,13,38,14,2,1,10,54,2,86,4845,29,Churn,66.23048661602968
723,768,23874,3,1,0,61094,0,3,3,4,91,31,10,2,22,97,2,71,4154,12,Stay,49.61598103262243
724,711,43642,2,0,1,121948,1,1,2,6,21,27,17,1,13,37,1,152,4483,1,Churn,76.50878780433942
725,516,97820,4,0,0,74122,0,4,3,9,86,17,3,1,17,36,2,158,4036,1,Stay,47.427907344885796
726,533,65160,2,0,1,49493,0,3,3,5,50,46,16,3,9,74,2,44,1799,10,Churn,53.64832657201508
727,457,17602,3,1,1,112247,1,1,2,14,11,29,17,2,24,43,1,54,4607,18,Churn,75.57180939367531
728,443,88801,2,1,1,93539,0,4,3,12,46,36,4,3,14,90,2,182,2675,47,Churn,53.303361366337064
729,572,25931,3,1,0,51707,0,4,2,4,54,37,13,2,8,71,1,41,235,2,Stay,46.630111891811495
730,559,94377,2,0,1,88814,1,3,1,8,89,26,9,2,19,71,1,184,2125,49,Churn,72.92208706096697
731,572,29192,3,0,0,27296,1,4,2,13,57,17,14,3,28,47,2,115,3635,8,Churn,73.26029653403177
732,716,46542,3,1,0,45398,0,3,1,9,33,22,0,2,30,35,1,136,4954,22,Stay,40.68232682792671
733,702,42520,2,0,0,55842,1,3,1,4,108,25,15,2,7,33,1,39,2990,22,Churn,73.42386953156377
734,548,64772,4,1,0,33261,0,3,3,3,31,2,10,1,26,48,2,125,2857,26,Stay,47.16259586454423
735,479,58762,1,0,1,96709,1,2,3,8,109,22,19,2,11,30,2,23,3873,26,Churn,56.93261440419835
736,773,50106,4,0,0,115985,0,4,3,14,20,5,5,2,14,56,2,37,480,9,Stay,48.481921800614124
737,612,81121,2,0,1,126616,0,3,2,5,67,4,15,3,21,57,2,70,1628,21,Stay,48.84039365560533
738,602,25559,4,0,1,76704,1,1,3,2,55,36,1,3,8,22,1,39,4671,31,Churn,83.22608585815978
739,651,33742,3,1,0,87173,0,2,1,10,38,6,0,2,3,12,2,141,3728,52,Stay,37.428466034188354
740,628,69669,1,0,1,51781,0,2,3,9,44,21,8,1,28,41,2,156,948,43,Churn,50.708081717789874
741,563,80199,2,1,1,33652,1,4,3,3,24,13,11,1,29,44,1,99,4227,6,Churn,67.57143388633503
742,626,21754,2,1,0,25103,1,3,2,12,69,37,16,3,23,28,1,173,2027,56,Churn,73.66695118576116
743,546,3972,2,1,1,45500,0,4,2,2,104,25,14,2,18,23,1,121,2265,14,Churn,51.2207992125306
744,419,70831,1,0,1,135332,1,2,1,1,51,26,18,2,35,57,1,44,4386,33,Churn,66.00010093463608
745,446,41873,3,1,1,120336,1,3,2,14,114,39,9,1,13,95,2,188,2221,7,Churn,63.55261290076374
746,632,94661,2,1,1,55529,0,1,3,8,52,20,11,1,12,90,2,78,4818,24,Churn,51.15837513907368
747,704,9903,4,1,0,133499,0,3,2,11,89,33,13,1,5,77,1,64,3018,9,Stay,43.62498829721077
748,413,3020,2,0,1,38452,1,2,1,3,83,14,8,3,11,54,1,60,4781,11,Churn,75.97489469162615
749,542,41755,2,0,1,69393,1,1,3,7,58,36,12,2,11,28,1,57,572,56,Churn,80.09516207230392
750,400,85956,2,1,1,51174,1,3,1,1,73,17,2,3,31,73,1,136,1887,23,Churn,82.30948045813278
751,772,86988,2,0,1,84450,0,1,2,1,41,21,13,2,31,75,2,38,213,48,Churn,51.504223914666504
752,453,45648,3,1,0,55436,0,1,2,12,73,46,9,3,13,88,1,33,1436,51,Stay,48.48277995783271
753,773,9516,4,1,1,67406,0,2,1,9,11,16,15,2,14,75,2,146,438,2,Churn,50.72366073986417
754,658,2396,3,0,0,83059,0,1,3,12,33,46,6,1,25,84,1,168,2385,15,Churn,50.16162540136718
755,543,84082,4,1,1,35954,0,4,2,8,96,16,3,1,33,54,2,162,1296,35,Stay,46.284310618888505
756,411,19129,2,0,0,102722,0,2,2,12,75,20,19,1,33,96,2,22,178,36,Stay,45.06510385530989
757,729,1591,1,0,0,139747,0,4,3,13,47,29,10,3,15,83,2,56,4659,52,Stay,48.11674538627796
758,623,11303,3,1,0,32356,1,1,2,3,40,28,15,1,16,76,2,136,2752,54,Churn,70.97671994947947
759,671,30561,1,0,0,148128,1,4,1,6,113,8,19,2,6,78,1,193,4757,28,Churn,59.141633139791125
760,757,71719,3,0,0,118499,0,3,2,11,35,24,3,3,25,12,2,35,4480,39,Stay,43.02657133842857
761,555,92108,2,1,1,22187,0,1,2,3,38,3,16,2,15,47,1,161,4418,44,Churn,51.267983250236085
762,772,99616,3,1,1,97243,0,3,3,13,76,25,12,3,4,86,2,28,2740,4,Churn,53.303361366337064
763,407,86231,2,0,1,55098,1,4,1,12,87,19,10,2,4,51,2,26,1356,10,Churn,69.30897703639835
764,521,7314,3,0,0,112471,0,3,3,4,34,33,2,2,30,92,1,161,927,6,Stay,47.72720052523759
765,747,19623,2,1,1,41225,1,1,2,1,57,2,8,3,34,49,1,153,2818,57,Churn,83.99209164438179
766,563,67675,2,0,0,23606,1,3,2,5,74,15,5,3,27,59,2,34,2910,30,Churn,74.49893234768851
767,489,96826,4,0,0,148664,1,4,3,1,62,22,10,1,31,44,2,199,3485,54,Churn,79.44735571829005
768,535,65082,2,0,1,77620,1,4,3,13,76,10,15,1,32,33,1,91,2065,46,Churn,74.41913253701661
769,585,83624,4,0,1,52828,1,4,3,1,99,18,18,2,9,97,2,181,2527,35,Churn,78.54251585586228
770,715,33130,2,0,0,146270,0,1,1,10,27,22,4,2,8,26,1,123,2941,49,Stay,44.64625948859655
771,577,51756,1,0,0,46489,0,4,2,11,18,46,13,2,14,49,1,148,713,43,Stay,44.67217106267622
772,427,97624,2,0,1,34387,1,1,3,11,47,49,16,3,33,83,1,115,662,10,Churn,83.12013845577283
773,619,26292,1,1,1,89463,0,3,2,14,96,27,2,3,23,75,2,141,4926,58,Stay,49.507387462037464
774,756,86206,1,1,1,91832,1,4,1,7,30,13,3,1,21,53,2,134,4452,53,Stay,48.97961984230706
775,440,69274,2,1,1,115980,1,3,1,12,74,33,15,2,12,32,1,167,284,32,Churn,70.08291686575907
776,627,2469,1,1,0,131926,0,2,1,6,30,5,15,1,2,15,1,99,2292,42,Stay,41.15555572808385
777,591,53947,4,1,1,132429,0,3,1,2,36,26,3,3,13,75,1,26,4165,42,Stay,49.527856249317644
778,544,22534,3,0,1,22591,0,2,2,14,115,13,18,3,4,30,1,154,345,3,Stay,47.46449853078332
779,600,63620,2,0,1,143446,0,3,1,11,79,27,16,3,20,44,2,69,4186,56,Stay,46.509204228833475
780,611,48874,1,0,0,130431,0,1,1,12,53,14,12,1,14,38,1,149,2334,26,Stay,46.06682306467081
781,619,49708,2,0,0,68516,1,3,3,2,109,24,0,3,30,16,2,66,965,15,Churn,78.18383789192637
782,639,74553,4,1,0,111683,0,1,1,11,37,3,11,2,29,62,1,33,2187,17,Stay,45.99841933107455
783,796,68344,2,0,0,82061,0,1,3,7,54,47,3,1,8,46,2,50,700,27,Churn,50.2504436162988
784,445,49138,2,0,1,124425,0,4,1,1,26,49,10,3,12,32,2,69,3133,18,Stay,47.75874749670653
785,434,54302,1,1,0,86736,1,1,1,13,49,30,4,1,26,17,2,60,2156,51,Churn,55.58192998947862
786,652,47638,4,0,1,101257,0,2,3,2,12,35,1,1,2,85,2,33,2231,19,Churn,51.71254419457413
787,789,78249,3,0,1,81753,1,4,1,12,85,48,16,3,14,57,2,152,632,12,Churn,72.81877546735657
788,481,2719,3,1,1,104774,0,4,2,8,112,14,7,3,6,19,1,24,2142,24,Churn,50.63854780199566
789,770,22890,1,0,1,31087,0,3,2,6,85,12,5,1,31,88,1,176,457,5,Stay,46.15387471279288
790,655,77236,2,0,0,50816,1,1,1,14,75,28,8,1,17,33,2,24,477,24,Churn,75.86883767173921
791,596,36509,1,0,0,43408,0,1,2,2,55,44,12,3,25,99,1,132,2319,27,Stay,49.612936757417565
792,702,42534,1,0,0,144116,0,2,3,7,95,29,10,2,32,56,1,137,4588,48,Stay,49.26555686942444
793,409,92241,1,0,1,125276,1,3,1,4,96,43,15,1,12,62,1,115,4897,30,Churn,59.631341636120816
794,711,18787,2,1,1,20136,0,3,1,2,39,17,15,1,13,48,1,55,3407,15,Stay,47.21804613293285
795,685,48845,4,1,1,37413,1,4,3,12,78,40,1,2,19,76,1,98,2696,47,Churn,74.41702400700844
796,641,57932,1,1,1,133650,1,4,3,6,18,49,9,3,25,75,1,38,883,59,Churn,63.17677177541533
797,650,92124,2,1,1,79500,1,4,3,11,94,21,11,3,31,15,1,41,2479,38,Churn,76.4025467584277
798,764,91659,4,1,0,104514,1,2,1,9,20,23,7,2,25,30,2,181,3703,44,Churn,65.61583330767736
799,404,33062,1,1,1,76358,1,2,3,11,78,20,10,3,16,82,1,75,1082,34,Churn,61.797818666012496
800,518,75713,3,0,0,86197,0,4,3,9,108,11,9,3,23,83,1,36,4042,27,Stay,49.95058806662682
801,688,87263,4,1,1,120776,0,3,2,14,100,34,12,1,14,45,1,36,2690,20,Stay,46.580543210589305
802,773,95756,1,1,1,112789,0,2,2,8,75,10,16,1,6,12,2,165,1142,41,Stay,47.43123118938315
803,464,60461,4,0,0,112420,1,3,1,3,97,10,6,1,25,97,2,192,2638,32,Churn,71.29534083919297
804,545,75418,4,0,0,52854,1,3,2,3,40,43,2,2,23,95,1,97,961,4,Churn,71.7922849935066
805,623,66672,4,1,1,96240,1,1,2,2,42,6,19,3,12,87,2,75,1976,5,Churn,82.91104985102528
806,638,34832,4,0,1,124523,1,4,3,5,48,36,12,3,13,51,2,99,1935,53,Churn,75.78974878724438
807,576,31966,4,1,1,149494,0,1,3,14,103,24,18,1,34,54,1,69,4308,58,Stay,49.5973634443084
808,666,72545,4,0,1,110063,0,4,2,12,55,12,6,1,6,53,2,77,3626,8,Stay,46.47382087326527
809,740,12987,1,1,0,36322,1,4,2,14,46,43,8,2,8,42,1,37,1785,22,Churn,55.55353038627834
810,681,37311,3,0,1,133053,1,3,2,4,101,23,18,3,8,69,2,154,3501,42,Churn,72.08338296859313
811,462,31575,2,0,0,26968,0,4,1,7,69,27,12,2,33,95,1,95,1722,7,Stay,43.32061731875683
812,616,63852,4,1,1,47518,1,3,1,4,40,45,7,3,34,92,2,29,2757,22,Churn,72.66580633058724
813,741,1007,2,1,0,71925,1,3,1,9,20,37,17,2,15,92,1,88,2032,46,Churn,68.21410302259942
814,714,70981,1,1,0,79848,1,4,2,12,96,6,1,1,35,79,1,104,607,30,Churn,54.0453263315944
815,682,76242,4,1,1,131900,0,3,2,12,11,1,17,2,22,92,2,150,4661,37,Stay,49.5774027234847
816,576,47517,3,1,0,113422,0,3,1,2,113,6,17,2,23,86,1,102,3578,16,Stay,46.91879053669117
817,497,29257,2,0,1,21700,1,3,1,11,114,22,10,1,22,35,1,128,2756,15,Churn,73.40402183230842
818,504,87272,4,1,0,113782,0,2,2,14,36,41,0,3,5,95,2,63,1221,5,Stay,44.34152543957275
819,498,42207,1,1,1,121004,1,3,3,6,108,24,13,3,31,30,1,161,389,3,Churn,63.17677177541533
820,784,13281,3,0,0,43199,1,2,1,7,11,25,15,1,13,11,1,151,2929,23,Churn,71.97616490396224
821,710,61246,2,0,1,64589,0,2,2,4,112,15,10,2,28,56,2,37,2309,10,Stay,47.95507548464757
822,405,1435,2,1,1,52115,1,3,2,13,110,26,0,2,20,39,1,112,4912,5,Churn,69.07740750161774
823,596,98875,4,0,0,81934,1,3,3,6,30,8,6,2,33,36,2,199,1500,23,Churn,72.47792052361956
824,750,91357,3,0,0,136335,0,2,2,7,67,24,15,3,16,80,1,57,666,15,Stay,44.38533478676246
825,532,26660,3,1,0,140726,1,2,2,4,14,48,13,2,29,29,2,167,1573,18,Churn,64.80263947943149
826,757,5084,3,0,0,74316,1,3,1,8,61,38,14,3,23,59,2,191,2087,25,Churn,73.92680569209894
827,658,82197,3,0,1,25520,1,3,1,9,54,6,13,2,24,32,1,70,3887,8,Churn,71.63602110892305
828,422,13507,1,1,0,129814,0,4,3,1,94,35,10,1,34,22,2,38,3965,31,Stay,48.336923956027306
829,452,72595,3,1,1,56455,1,2,3,7,102,42,15,1,7,90,1,139,3360,21,Churn,65.98386590195476
830,564,83807,2,0,0,135284,0,2,2,9,29,1,18,3,4,13,1,87,3647,2,Stay,49.71965865541379
831,601,45539,2,0,1,106465,1,4,1,12,70,46,16,3,34,23,2,85,3351,22,Churn,74.07062468647007
832,482,7491,1,1,1,143364,1,2,3,10,47,36,5,1,22,29,1,160,1816,8,Churn,52.8074014282729
833,544,50192,2,0,1,61605,1,1,3,5,29,12,10,1,5,22,1,177,1112,23,Churn,78.8661577234748
834,484,80395,2,0,1,34955,1,2,3,12,34,38,16,2,23,12,2,117,1410,32,Churn,71.00101806715521
835,477,63888,3,0,0,64049,0,4,2,2,11,11,8,1,15,99,1,177,4670,8,Stay,47.812625768277236
836,765,73609,2,1,0,33917,0,1,1,10,41,12,17,3,31,99,1,198,717,4,Stay,46.30599377476365
837,400,9077,1,0,1,90293,1,3,3,6,35,42,16,1,9,91,2,107,4836,30,Churn,54.67424831854495
838,450,20953,3,0,0,98581,1,4,1,12,79,39,11,3,25,87,1,195,4357,19,Churn,76.24119272144164
839,572,76919,4,1,0,139072,1,4,3,12,50,7,4,3,25,56,1,52,2082,23,Churn,74.89320553550598
840,604,67889,3,0,1,84925,1,3,3,7,76,11,10,2,21,12,2,124,2328,18,Churn,71.14780934699297
841,659,23821,1,0,0,127216,1,4,1,2,106,36,3,2,9,10,1,93,4920,53,Churn,63.56441716037258
842,768,37567,3,1,0,90269,1,2,1,2,10,31,3,2,22,99,1,101,568,29,Churn,74.05545430031201
843,687,24860,3,1,0,50954,1,3,1,10,60,33,2,2,23,33,2,38,4216,23,Churn,67.15422191102358
844,433,21195,1,1,1,116671,1,4,2,14,14,13,16,1,4,44,1,90,4455,33,Churn,52.32855083278361
845,747,77475,3,1,0,92617,0,3,3,12,22,18,6,2,29,23,1,76,1239,52,Stay,48.23061335125901
846,494,90874,1,0,1,61458,0,3,2,10,28,41,3,1,15,76,2,166,1536,47,Stay,44.39291700456787
847,471,87266,1,0,0,109037,0,3,1,1,21,24,12,2,1,22,2,98,636,18,Stay,41.750244756716135
848,438,21427,4,1,0,41113,1,1,3,4,57,9,11,2,30,56,1,188,1051,54,Churn,74.4321205228256
849,553,27083,2,1,0,119977,1,4,2,7,34,31,0,3,29,59,1,61,2913,44,Churn,68.06361192600647
850,649,87046,2,0,1,132622,1,1,3,14,66,41,18,1,20,87,2,199,3106,33,Churn,77.50006407132969
851,561,57372,3,1,1,145947,0,4,2,9,44,10,19,3,33,94,1,135,4094,7,Churn,50.63854780199566
852,517,44064,3,0,0,110226,1,2,1,3,85,2,17,2,22,35,1,23,1940,51,Churn,71.75251364494434
853,658,7813,4,1,1,63939,0,2,2,12,103,38,10,1,13,12,1,23,950,28,Stay,46.38358693555832
854,778,31598,4,0,0,49345,1,2,3,11,14,15,19,2,7,60,2,24,2071,1,Churn,71.56429498976281
855,705,93106,4,1,1,144616,0,4,3,7,107,3,2,3,8,49,1,60,1291,56,Churn,51.21421544480275
856,667,27082,1,1,1,66313,0,3,3,7,31,43,16,1,28,77,1,127,4020,39,Stay,46.03149377132103
857,453,29241,4,0,0,130107,0,3,3,7,112,31,11,3,9,45,2,106,4728,34,Stay,49.4003655827537
858,635,96214,4,1,0,141866,1,1,1,2,86,6,9,2,25,60,2,123,2162,39,Churn,78.99835500374907
859,788,44569,3,0,0,112365,0,1,2,6,66,3,7,2,16,10,2,136,3146,19,Stay,45.242511724631115
860,621,11745,4,0,0,120598,1,2,1,2,56,11,14,2,10,42,1,120,4499,31,Churn,75.97617529296782
861,650,26029,1,0,1,89166,1,1,1,6,63,15,4,1,11,16,1,94,3658,13,Churn,62.801944818388435
862,712,13025,1,0,1,67861,1,4,1,13,12,45,3,3,31,61,2,94,4611,57,Churn,55.758294851459866
863,511,14288,3,0,1,117406,1,4,3,10,62,28,19,3,12,20,1,32,404,24,Churn,78.67995204559664
864,654,89186,4,1,0,69298,1,1,3,3,93,10,18,2,31,36,1,161,2947,5,Churn,74.4321205228256
865,702,6540,4,1,0,67221,0,1,3,14,40,38,3,3,14,23,1,44,2535,23,Stay,48.48277995783271
866,606,97768,1,0,1,64942,1,1,2,2,78,47,14,1,32,95,1,134,2904,19,Churn,64.31034024151117
867,628,81958,4,1,0,23453,1,1,3,12,97,7,16,2,17,89,2,191,2084,1,Churn,76.03210427113993
868,740,68878,4,0,1,122811,1,2,2,14,113,15,11,2,35,55,2,101,4036,33,Churn,65.44488803379053
869,797,41846,4,1,1,74935,1,2,3,6,42,18,2,2,1,85,1,29,812,59,Churn,72.84050163570845
870,465,75932,2,1,1,142439,1,1,3,2,81,18,9,1,29,19,2,69,2995,50,Churn,78.0165271014584
871,474,17482,3,1,1,63370,0,4,1,5,97,41,14,2,4,33,1,191,1781,56,Stay,47.78018683368298
872,502,23411,2,1,1,123932,0,2,1,2,59,24,9,2,23,70,1,161,1433,33,Churn,51.49813343901927
873,591,50975,3,0,0,28328,1,4,1,3,93,2,17,2,28,27,2,34,3298,32,Churn,72.37962879422548
874,651,60545,1,0,0,35534,0,3,2,3,25,40,0,2,16,95,2,35,274,59,Stay,39.67384696409151
875,625,78797,4,1,0,105280,0,4,2,6,85,20,2,3,12,18,1,21,3305,28,Stay,46.34006807134243
876,693,52307,3,1,1,104925,1,1,3,6,86,34,11,2,21,26,1,177,1516,37,Churn,76.73737094638629
877,705,3093,2,0,1,56320,0,3,2,10,118,43,0,1,17,67,1,49,2087,41,Stay,44.0090453743656
878,497,77258,4,1,1,69170,1,2,3,3,115,26,2,2,13,22,1,101,4953,12,Churn,70.99829524256293
879,737,22042,1,0,1,120546,0,2,2,3,48,7,2,2,32,59,2,50,1872,9,Stay,46.005320147711984
880,685,52930,3,0,0,100201,0,3,2,13,98,38,4,3,15,15,2,96,4366,50,Stay,44.60676411794333
881,734,44413,3,0,0,148935,0,4,2,12,55,30,18,2,12,94,1,167,1174,55,Stay,44.0309549804897
882,746,93623,3,1,1,141006,1,2,1,13,105,42,0,3,15,60,1,196,4860,11,Churn,69.22881853484095
883,707,97883,4,0,1,123401,0,1,2,1,97,5,3,1,34,45,2,133,691,33,Stay,47.906560933981766
884,648,33756,2,1,1,28640,0,3,1,7,56,11,3,3,6,80,1,54,3078,19,Stay,46.62002851981834
885,565,53268,2,0,0,120252,1,1,1,13,53,1,16,2,17,34,2,42,4082,54,Churn,78.10622435592721
886,734,39214,3,1,0,111057,1,3,2,8,18,34,13,1,20,20,1,125,2510,57,Churn,65.8778624126792
887,429,81871,1,1,0,50049,0,2,3,2,113,1,17,2,9,53,2,116,947,42,Stay,46.30426758161667
888,646,28602,1,1,1,25618,1,4,3,4,96,19,0,3,5,23,1,134,593,34,Churn,56.69968397991232
889,505,53331,2,0,1,122540,0,3,3,10,59,2,15,1,23,38,1,119,645,7,Churn,55.996898780715235
890,450,48901,1,0,0,76053,0,3,2,7,86,21,2,1,33,83,1,74,2386,31,Stay,43.552067119495234
891,480,99986,2,1,1,21920,1,1,3,8,69,20,8,3,14,59,2,27,2797,52,Churn,80.16580927229727
892,532,63416,3,1,0,63937,1,2,1,1,105,23,3,3,17,14,2,187,3937,2,Churn,80.12825230465862
893,684,32196,2,1,1,89724,1,1,3,4,24,21,4,1,19,81,1,78,1640,19,Churn,72.88761794465508
894,787,5626,2,0,0,32207,0,2,2,6,45,24,10,1,33,78,1,147,983,38,Stay,45.343354335692936
895,537,7424,3,0,1,85774,1,1,3,3,72,4,8,3,1,97,1,51,4056,32,Churn,80.69283129599218
896,583,12857,1,0,0,52972,0,3,1,5,78,12,2,2,13,66,1,112,3194,10,Stay,41.3483148610687
897,729,19982,2,0,0,30799,1,1,2,10,95,22,5,1,27,35,2,26,2465,41,Churn,75.58562138889006
898,672,76961,2,1,0,91088,0,4,3,9,89,20,10,3,6,15,2,21,3447,8,Churn,50.21930355095946
899,739,1980,3,1,0,48916,1,2,2,11,50,18,8,2,6,25,2,104,3171,26,Churn,64.80263947943149
900,468,48290,1,0,0,90463,0,2,2,13,83,1,14,1,33,69,1,153,3775,30,Stay,46.37300151270202
901,433,26431,2,0,0,113500,1,3,2,3,33,30,2,1,30,21,1,125,4815,11,Churn,72.86158355155419
902,661,84976,3,1,1,96700,0,2,3,5,91,33,0,3,35,84,2,55,1052,41,Stay,47.59555859444898
903,452,82711,2,0,1,57158,1,4,2,8,58,24,19,2,23,12,1,179,3400,20,Churn,72.14983710106804
904,604,26385,4,0,1,104607,1,1,3,6,27,14,18,1,10,72,2,64,3835,20,Churn,76.36094487046367
905,525,38158,3,0,0,139639,0,3,1,4,16,36,13,2,19,73,2,61,3279,9,Stay,41.56552529109945
906,634,23019,1,0,0,133945,1,4,3,8,13,5,16,2,28,71,2,72,3063,8,Churn,56.88061085024971
907,442,18639,1,0,1,91696,0,2,1,11,99,11,13,1,23,15,2,129,4127,15,Stay,45.83154621917218
908,639,85530,1,0,0,81510,0,2,3,3,78,24,16,2,4,28,1,28,3347,34,Stay,49.26555686942444
909,770,99911,1,1,0,140076,1,4,2,3,69,31,13,1,20,27,2,106,4515,24,Stay,49.30708372051574
910,510,21563,2,0,0,78692,0,1,3,4,64,13,11,2,19,89,1,133,3457,33,Churn,51.57032265540783
911,648,39341,2,0,0,81744,1,1,2,9,25,16,15,1,27,96,2,94,4948,41,Churn,75.58562138889006
912,550,5776,1,1,0,35810,1,3,1,5,108,24,0,3,34,52,2,196,2804,41,Churn,52.44577315071645
913,582,36444,1,1,1,25126,0,2,3,8,99,13,12,1,4,82,2,149,1137,45,Stay,47.43123118938315
914,735,68916,1,1,1,50009,1,4,2,6,91,24,5,1,7,12,2,30,170,40,Stay,49.04058451562376
915,494,8711,2,0,1,119120,0,1,1,3,38,26,16,1,7,81,1,69,2974,27,Stay,47.98645163413979
916,773,74318,1,1,1,131718,0,3,1,8,32,2,11,2,26,47,1,182,205,21,Stay,42.89646055187986
917,799,82970,1,0,1,110932,1,2,3,12,23,16,18,3,26,77,1,141,869,5,Churn,66.2261944658649
918,407,85553,4,0,0,20192,1,2,1,9,88,38,5,2,19,85,1,162,2109,35,Churn,69.93567874985402
919,787,30707,4,0,0,136464,0,3,2,8,58,46,6,2,9,53,2,94,3040,21,Stay,43.70047193213476
920,759,39110,1,1,0,56413,0,3,1,13,42,1,0,1,20,98,1,50,2292,4,Stay,40.02872337327939
921,787,61788,3,1,0,32816,1,1,1,4,34,49,0,2,16,89,1,111,3595,49,Churn,68.66933006242564
922,583,82879,1,1,1,59082,1,4,2,14,30,11,4,1,17,72,2,175,4411,48,Stay,49.04058451562376
923,680,38827,4,1,1,85048,1,2,1,14,26,35,5,3,22,51,1,172,4455,16,Churn,74.6923813948842
924,594,5655,3,1,1,143130,1,4,1,13,32,43,15,2,13,73,1,111,1033,57,Churn,70.08291686575907
925,751,44859,3,0,0,70940,0,2,1,11,66,29,15,2,12,63,1,172,674,31,Stay,41.491109281700226
926,594,53625,1,0,1,52130,1,2,1,6,116,37,13,2,10,87,1,94,4030,26,Churn,58.90314051043028
927,554,52098,4,0,0,60142,0,4,2,1,90,17,0,1,1,86,2,111,4480,52,Stay,47.61906535902823
928,492,15251,4,0,1,149564,0,3,1,4,67,39,12,1,32,80,2,148,4187,35,Stay,44.6865321166666
929,559,526,3,1,1,56468,1,1,2,8,23,42,19,2,30,85,1,61,2631,6,Churn,75.57180939367531
930,460,68760,1,1,0,50698,0,2,1,1,102,28,9,2,8,46,2,129,2519,33,Churn,52.37859234472532
931,521,47837,2,0,0,30655,1,3,1,3,29,29,9,3,21,13,1,181,169,21,Churn,77.3843734715285
932,450,11536,2,1,1,67897,0,2,1,1,39,43,8,3,22,11,1,37,4574,16,Churn,53.955666712823856
933,676,28541,4,1,1,50075,1,1,1,9,28,3,12,3,18,53,1,96,1402,47,Churn,76.99842692409653
934,404,79083,2,0,0,29359,0,2,2,2,62,10,2,3,2,76,2,152,3914,39,Stay,46.89255349077505
935,491,51027,4,0,1,149048,0,1,2,9,112,42,17,3,9,77,2,39,2449,34,Stay,48.99178618362716
936,569,34531,4,1,1,122197,1,1,2,13,65,14,19,1,3,85,2,146,354,42,Churn,67.15317565174416
937,716,8712,4,1,0,125115,1,2,3,4,86,12,1,3,26,92,2,94,1807,57,Churn,72.31961118846466
938,421,65455,2,0,1,62056,0,2,1,2,91,47,16,3,21,83,2,81,4887,15,Stay,48.8826240328275
939,725,74744,4,0,0,71831,0,1,1,4,32,42,18,2,30,71,2,51,933,6,Stay,43.10839916695665
940,400,5109,3,0,1,79191,1,3,2,12,71,30,12,1,28,10,1,197,2864,2,Churn,69.23412495321017
941,532,49268,1,1,0,138592,0,4,3,11,119,32,12,3,26,26,2,185,2571,24,Stay,49.3795955846209
942,632,54615,1,0,1,141948,1,1,1,11,42,32,0,3,34,25,1,47,3842,56,Churn,60.519421894526346
943,411,82503,4,0,0,53272,0,2,2,10,112,42,1,3,8,18,1,93,2135,49,Stay,42.60961670506902
944,745,29759,1,1,1,128117,1,2,1,6,113,32,0,2,10,62,2,100,2067,28,Churn,52.60368987806734
945,445,85708,2,1,0,34671,0,3,1,11,27,26,4,2,14,82,1,41,199,1,Stay,44.70511741930301
946,433,60112,2,1,1,47048,1,4,2,7,82,1,2,2,15,68,1,190,1952,1,Churn,72.63820092751688
947,477,26589,1,1,1,96274,1,1,2,3,42,42,6,3,17,18,1,183,3283,28,Churn,64.85368778737039
948,617,30015,2,1,1,45963,0,1,1,3,41,2,12,2,18,21,2,115,2455,36,Stay,48.08261662334499
949,700,29009,1,0,1,63954,1,4,1,12,70,17,17,3,32,50,2,141,211,20,Churn,57.335515954950225
950,472,83309,1,0,1,92309,0,1,2,10,63,30,6,1,23,24,1,142,3258,48,Stay,49.24744598279923
951,681,62046,1,1,1,122120,1,4,1,12,26,39,0,3,23,75,2,71,282,8,Churn,53.31826389925015
952,648,26143,4,1,1,115430,1,2,1,8,28,7,4,2,35,84,1,183,3952,1,Churn,71.30882485651298
953,446,6154,1,1,1,20717,1,4,2,5,100,27,16,1,15,20,2,175,264,26,Stay,49.04058451562376
954,520,21804,4,1,1,31676,0,1,1,4,79,9,7,3,24,17,1,97,2237,51,Stay,49.629819497632866
955,613,41688,1,1,0,24434,1,4,1,7,108,22,14,1,28,64,1,183,2123,43,Churn,54.59517984724486
956,638,64288,1,0,0,69810,0,3,3,7,110,34,19,1,16,15,2,89,554,49,Stay,47.86778391893398
957,455,51195,1,0,1,123361,1,2,2,13,43,46,3,1,16,62,2,156,2385,25,Stay,49.09969392201639
958,749,20581,2,0,0,138696,0,2,3,9,93,49,1,3,6,29,2,40,4922,10,Stay,48.312056999175645
959,506,52648,4,0,1,114636,0,4,3,9,34,1,4,2,2,48,2,83,641,12,Stay,49.79145517934592
960,718,30087,4,1,1,24994,0,1,3,5,77,9,0,3,13,81,2,95,2765,41,Stay,49.89156228570147
961,447,49930,1,0,0,24234,1,3,1,13,83,20,4,2,9,43,1,80,2549,7,Churn,59.141633139791125
962,460,32981,1,1,1,89300,0,2,1,12,83,19,5,3,34,66,1,114,4033,12,Stay,49.12597906841275
963,736,69298,2,1,1,63949,1,2,3,13,97,36,1,3,17,28,1,59,2986,47,Churn,75.78040606392571
964,425,46167,2,1,0,57405,0,1,3,8,94,40,0,3,27,80,2,23,4714,40,Stay,48.19984284388728
965,691,75304,2,0,0,54872,0,1,3,10,20,45,3,2,29,40,2,50,4392,17,Churn,50.04271230122844
966,656,43408,4,1,1,62215,0,3,1,1,100,4,6,3,22,91,1,174,4004,5,Churn,52.818197819596755
967,407,39499,4,0,0,43185,0,4,3,9,25,9,0,1,24,49,1,172,1788,14,Stay,46.386708957803805
968,512,52269,4,0,0,63442,1,1,3,8,99,41,0,3,7,23,1,88,1737,34,Churn,75.49289790347774
969,754,38559,1,1,1,143263,0,4,2,6,70,22,7,1,34,90,1,89,4828,48,Stay,46.03149377132103
970,652,74319,4,1,0,71759,0,3,2,13,103,18,19,2,12,46,2,24,4770,17,Stay,48.012143045928966
971,579,95317,3,1,0,61153,1,4,1,3,89,12,15,2,23,53,1,134,4182,35,Churn,68.21410302259942
972,606,96347,3,0,1,97535,0,2,2,3,16,42,12,3,15,18,2,110,1990,55,Stay,46.916774683675676
973,702,48787,2,1,0,122023,0,4,2,8,25,43,17,3,33,67,1,27,3305,1,Stay,47.77161694699948
974,526,35488,4,0,0,22581,0,3,2,5,108,39,19,3,13,29,2,28,577,59,Stay,44.60676411794333
975,455,74441,3,1,1,71717,0,3,1,10,25,9,9,1,23,59,2,34,2466,50,Stay,46.12958112383457
976,613,74663,2,1,1,22763,1,3,2,11,49,6,11,2,32,29,2,124,2626,50,Churn,68.15948962959578
977,413,22431,4,0,1,112910,1,4,1,14,21,19,0,1,35,45,2,26,466,36,Churn,66.7978887030539
978,427,61681,1,0,0,75480,0,2,3,7,44,48,9,1,1,36,1,91,1936,15,Stay,44.84042338339177
979,477,63483,3,0,1,58759,1,1,2,5,30,47,8,3,5,81,1,134,1815,19,Churn,79.20595964981764
980,615,49153,1,0,1,96067,1,2,1,8,59,7,2,3,13,41,1,34,112,51,Churn,64.25996408269809
981,785,6368,4,0,0,138094,0,4,2,10,52,16,18,1,5,10,2,184,635,42,Stay,43.91173853877808
982,764,27424,3,0,1,45307,1,4,3,10,109,5,8,1,32,26,1,102,3339,5,Churn,73.17801618736667
983,553,45004,4,1,1,116371,0,1,1,4,26,16,9,3,21,18,1,58,2417,19,Stay,49.629819497632866
984,413,83869,1,1,1,31064,1,4,1,2,41,1,18,3,24,93,1,153,4142,43,Churn,75.31771970940207
985,586,88652,3,0,1,96848,1,3,1,3,50,37,15,1,18,54,2,76,475,39,Churn,68.61771835419842
986,711,56985,1,1,0,57548,1,3,3,8,15,39,17,3,21,75,2,111,1824,5,Churn,58.26817817486957
987,770,50069,4,0,1,56945,0,3,3,11,97,19,13,3,10,41,2,100,356,52,Churn,52.04879543560433
988,406,52326,4,1,1,67937,1,3,3,13,36,37,2,1,24,54,1,166,2364,12,Churn,68.14844022844858
989,402,81061,1,1,0,26476,0,3,1,7,29,17,1,1,21,18,1,146,549,19,Stay,41.60210546643316
990,510,23398,3,0,1,71756,0,4,3,13,34,26,0,2,25,39,1,178,993,47,Stay,45.58961261409166
991,637,98393,1,0,0,110101,1,1,2,2,75,22,17,1,23,93,2,94,3312,12,Churn,62.6470697602138
992,762,50861,4,0,0,22382,0,1,3,6,18,8,8,3,22,47,1,98,1284,36,Churn,50.80565368995214
993,638,75897,1,1,0,69683,1,3,1,9,101,33,12,1,4,69,2,29,3323,12,Churn,50.946871899059744
994,673,81905,4,0,1,107999,0,4,2,4,62,2,1,1,34,10,2,126,1408,18,Stay,48.54448329011516
995,693,68577,1,1,0,65276,0,2,3,9,70,30,6,1,6,14,2,106,4805,49,Stay,45.889776700647694
996,626,65641,3,0,0,53402,1,2,2,2,47,47,15,2,28,72,2,86,1016,51,Churn,72.92503792281015
997,770,9078,3,1,0,111881,1,4,2,2,12,20,18,2,31,45,1,81,247,48,Churn,75.30513916106139
998,414,25003,1,1,1,130300,1,3,1,9,93,18,14,3,35,74,1,150,4851,43,Churn,62.15837945806327
999,591,62768,1,0,1,46946,1,1,2,12,79,43,10,2,23,87,2,165,2214,34,Churn,56.42566831064201
1000,518,51047,3,1,1,99698,0,4,2,7,112,10,0,1,6,82,1,172,4116,48,Stay,42.10429695115514
1,502,10267,3,1,1,50873,0,3,2,1,48,33,3,1,18,89,2,43,4814,37,Stay,48.71500669961771
2,748,90825,1,0,0,148389,1,3,2,1,26,1,4,3,26,11,2,49,1783,58,Churn,68.52635542191885
3,670,1062,3,1,1,78627,1,2,2,9,54,37,3,2,16,33,2,85,586,40,Churn,65.19657148598064
4,506,50448,3,0,0,86155,1,1,3,10,20,6,12,1,8,26,2,80,3832,44,Churn,77.8765048588382
5,471,95462,2,0,0,119186,1,4,2,6,79,45,12,1,24,74,2,97,640,25,Churn,69.79138964306333
6,588,6229,1,1,0,45372,0,3,2,10,32,34,17,1,13,79,1,60,2160,23,Stay,44.543369946622605
7,420,56793,2,0,0,23642,0,2,2,8,100,47,1,1,29,78,2,101,4346,44,Stay,45.86194614722203
8,502,47915,1,1,1,149148,1,3,2,13,119,15,15,1,32,69,1,70,1338,59,Churn,52.32855083278361
9,521,4632,3,1,1,48001,1,3,1,7,79,45,0,2,24,59,2,191,1090,1,Churn,69.92257066868063
10,614,3596,3,0,1,54064,0,4,3,12,47,26,18,3,16,21,1,114,4567,33,Churn,52.71866818292953
11,730,6168,4,1,0,114826,1,1,3,6,11,14,8,2,11,56,1,32,2399,15,Churn,74.4321205228256
12,487,7561,1,1,1,34122,1,4,1,4,95,7,2,2,32,76,1,109,4007,17,Churn,57.32339147837454
13,772,73794,2,0,1,44820,0,1,1,7,93,46,6,1,6,74,2,159,4388,34,Stay,47.94324339847324
14,499,82152,4,1,0,88431,1,3,3,9,98,31,9,2,35,36,1,101,1180,17,Churn,70.09215610381973
15,759,26734,4,0,0,75745,0,2,2,14,88,24,0,1,33,57,2,28,297,52,Stay,41.30903319039869
16,551,6371,4,0,1,70081,0,4,2,11,102,31,9,2,18,97,2,67,2294,58,Stay,46.54578962454557
17,530,26069,2,0,0,90902,1,1,3,10,81,29,8,1,13,71,1,68,1698,41,Churn,79.7412868628166
18,549,79905,4,0,0,28711,0,3,2,10,46,42,14,1,10,53,1,72,1700,44,Stay,44.29359421927923
19,708,12910,2,1,0,105132,1,1,1,14,58,32,14,2,26,28,2,59,3792,4,Churn,70.47066047361417
20,657,73479,4,0,0,38793,0,1,2,7,61,17,2,2,17,68,2,126,3965,13,Stay,44.052879603152675
21,743,77735,2,0,1,28199,1,1,2,1,42,14,4,3,1,17,2,43,783,4,Churn,80.91537543082926
22,693,81264,3,1,0,96253,1,3,2,10,31,40,8,3,25,64,2,127,3183,7,Churn,72.19450502143603
23,785,23275,3,0,0,56191,1,2,3,9,14,36,8,3,34,56,2,52,4089,46,Churn,74.97966830488225
24,591,72274,3,0,0,30211,0,2,1,13,112,48,6,2,10,11,2,42,432,59,Stay,41.358615719288636
25,676,81449,3,1,0,131086,0,2,2,4,27,24,11,2,20,48,1,96,1871,9,Stay,46.32518898283858
26,560,60004,3,1,0,83069,1,1,3,3,47,45,8,1,7,54,2,73,4300,23,Churn,72.28111252502556
27,713,62981,4,1,0,108896,0,3,2,4,46,27,5,3,16,41,2,72,2821,33,Stay,48.614780735559755
28,421,84659,4,1,0,76746,1,1,1,4,103,25,1,1,29,74,1,68,906,33,Churn,71.7052195271403
29,652,54553,4,1,0,41542,1,2,2,13,104,32,8,1,12,47,1,97,1164,20,Churn,63.33522321952179
30,635,48447,2,1,1,51312,0,2,1,10,73,18,16,1,17,86,1,99,988,4,Stay,46.207371960216356
31,744,34529,2,1,0,65242,1,3,2,11,19,46,0,1,20,20,2,196,3023,1,Churn,63.984640002486955
32,448,75703,2,0,1,121971,0,1,1,2,88,18,18,3,26,19,1,121,420,54,Churn,51.45176657954102
33,458,76090,2,1,0,113783,1,4,2,14,51,37,5,1,19,68,1,141,4057,42,Churn,65.8778624126792
34,569,17260,3,1,0,145681,0,4,1,12,57,26,4,2,12,99,2,122,2482,34,Stay,46.04181549027498
35,587,3812,3,1,0,107893,1,2,2,14,53,9,1,2,21,64,2,109,3331,27,Churn,67.92946709785873
36,670,28024,3,0,0,75388,1,3,2,1,91,35,8,2,34,29,2,109,2411,21,Churn,76.86102525075914
37,589,58656,1,0,1,126581,0,1,3,12,96,8,13,3,7,90,2,179,3701,24,Churn,52.74900115749352
38,574,27285,4,1,0,47691,1,1,3,10,106,20,3,1,35,26,1,140,1600,15,Churn,70.56054708529882
39,450,92436,2,1,0,97960,1,2,1,12,25,42,3,3,15,77,2,168,1668,35,Churn,69.38861242919123
40,763,1605,2,1,1,104388,0,2,2,1,63,22,14,1,1,14,1,165,3381,25,Stay,46.363339319056706
41,454,71158,3,0,1,42601,1,1,1,13,111,19,7,3,26,69,2,79,1619,55,Churn,76.73751727251927
42,643,72303,2,0,0,138307,0,1,3,14,44,30,3,3,35,32,1,141,2018,9,Churn,50.80565368995214
43,719,27139,2,1,1,38020,1,2,1,8,107,28,15,1,25,55,2,160,4189,17,Churn,65.36006175356125
44,530,77149,4,0,1,28155,0,1,1,14,37,35,3,3,15,61,2,171,1965,21,Stay,45.0024776740135
45,706,56138,3,1,1,89119,1,4,3,2,11,43,15,1,22,19,2,49,1505,13,Churn,71.59838837727199
46,534,76125,4,0,0,101051,1,2,2,12,103,11,11,2,6,55,1,149,2823,3,Churn,69.08302468964037
47,420,13918,1,0,0,56777,1,1,1,10,22,31,15,2,15,37,1,102,104,4,Churn,61.8272138964666
48,728,85655,1,1,0,39710,0,2,3,5,50,49,18,2,24,52,1,130,1268,4,Stay,47.48527896192279
49,566,27446,1,1,1,128714,0,3,2,12,89,48,7,3,21,35,2,127,2498,43,Churn,50.93277500037263
50,673,13046,3,1,0,44532,0,2,3,4,68,39,5,2,7,64,1,130,2730,28,Stay,47.92462261149764
51,787,24818,2,1,1,148727,0,2,1,8,78,36,9,1,29,57,2,44,447,7,Stay,47.618711041737576
52,488,4324,3,0,0,38601,1,3,2,2,101,30,4,2,32,38,2,69,4320,26,Churn,74.72182328647136
53,715,76323,3,0,0,83227,1,4,2,10,62,23,17,2,32,36,2,33,1913,11,Churn,68.47543412593514
54,413,9111,2,0,1,24967,0,1,3,9,112,19,9,3,5,27,1,153,3442,24,Churn,55.48791405657094
55,641,38110,4,1,0,104289,0,3,3,7,54,12,9,1,4,69,2,95,2674,43,Stay,46.551398550425965
56,664,16389,1,0,1,40022,0,2,3,13,29,15,6,3,22,83,1,103,3925,10,Churn,51.179501715641386
57,745,41427,4,1,1,63463,1,1,2,7,33,31,17,3,18,78,2,106,4693,37,Churn,79.12529882373653
58,452,79579,1,0,0,94671,0,3,2,1,70,43,0,1,35,83,2,177,152,13,Stay,43.60683250479212
59,785,28746,3,1,1,25722,0,1,1,14,100,37,6,3,17,30,2,49,248,44,Churn,51.18912479291248
60,739,87886,1,1,0,47413,1,1,2,12,103,37,0,1,24,33,1,185,602,42,Stay,48.730598980971145
61,491,117,3,0,0,112772,1,3,1,2,67,15,14,2,2,12,1,77,969,39,Churn,75.04310311212468
62,766,84471,4,1,1,101050,0,1,3,4,118,29,3,1,13,71,2,113,3621,19,Stay,49.553715518565035
63,663,13234,3,1,0,129432,1,4,3,4,36,43,19,1,15,11,1,60,4414,51,Churn,67.30585540188059
64,434,53441,4,0,1,122748,0,3,2,11,35,26,9,1,5,75,1,113,3971,19,Stay,46.846972466132954
65,605,846,2,1,0,125922,1,4,3,14,16,44,8,3,3,51,2,76,1400,12,Churn,69.54534161832669
66,480,10954,2,1,0,105867,0,2,3,3,51,2,1,1,3,43,2,183,2599,52,Stay,39.667721895576385
67,449,79239,2,1,0,103596,0,1,2,7,56,20,13,1,35,51,1,83,4133,22,Stay,44.868410995469944
68,759,46514,3,0,0,86732,0,2,1,12,62,15,15,1,23,29,2,117,3389,47,Stay,41.680932237316085
69,787,88236,2,0,0,32297,0,2,2,8,68,4,0,2,28,77,2,35,4933,37,Stay,40.92608404099201
70,401,97579,1,1,1,88323,1,1,1,2,47,22,1,1,30,54,1,107,3953,56,Churn,71.06416544789545
71,789,6469,4,0,1,43816,1,3,2,4,78,38,6,3,18,84,1,97,2551,30,Churn,75.27168480797937
72,453,30105,4,1,1,144341,1,1,2,14,96,23,9,1,33,51,2,109,4485,46,Churn,71.25306328239367
73,505,42101,1,1,1,60695,1,2,3,3,101,26,19,1,26,56,1,91,438,12,Churn,52.8074014282729
74,659,64323,3,1,1,39702,0,2,2,2,107,11,0,2,17,14,1,33,2924,29,Stay,47.39950621962303
75,709,91922,3,1,1,45242,0,3,2,12,62,28,12,1,7,98,2,50,1793,21,Stay,47.88359196785288
76,590,58067,4,1,0,75841,1,1,1,13,24,2,0,3,8,58,2,85,1086,11,Churn,73.48409721299217
77,617,49376,2,0,0,148498,1,2,3,14,105,8,4,1,31,46,2,131,3590,37,Churn,71.49247730730525
78,443,45587,3,1,1,87712,1,4,1,6,35,29,15,3,12,43,2,87,2833,48,Churn,72.66580633058724
79,561,36976,3,0,1,105663,1,2,1,13,57,11,14,2,31,82,1,74,3867,58,Churn,70.20722785210745
80,601,67584,1,0,0,127096,1,2,3,4,104,37,16,1,19,79,1,142,4176,18,Churn,61.37660113103004
81,669,78477,1,1,0,112764,0,3,3,6,28,18,15,2,10,27,2,187,2106,44,Stay,49.12468345416999
82,750,42533,2,1,0,73574,0,4,3,2,18,14,12,1,12,87,2,172,3207,59,Stay,47.602368619669406
83,703,1828,3,0,1,105744,0,2,2,12,73,10,10,3,20,28,2,44,4568,27,Stay,46.916774683675676
84,670,1917,3,0,1,48482,1,2,3,4,102,35,16,2,7,87,2,150,3430,37,Churn,69.6616706806887
85,614,20618,1,0,1,29171,1,4,3,11,63,9,16,1,14,49,1,88,3141,48,Churn,60.007413264398835
86,651,32254,3,1,0,120755,1,1,3,6,60,35,1,3,11,26,1,121,630,12,Churn,78.9563976127013
87,589,47362,4,0,0,118932,1,1,1,14,48,11,12,2,7,69,2,137,1023,23,Churn,73.01684887523963
88,695,20128,1,1,1,128125,0,2,1,5,13,44,13,1,29,51,2,45,4218,34,Stay,47.37509323254918
89,612,59383,2,1,1,126082,0,2,2,3,12,12,10,2,10,90,1,59,340,38,Stay,49.652232848742294
90,607,65545,1,1,0,23696,1,1,1,8,73,3,9,1,29,81,1,57,1996,23,Churn,57.336955351684615
91,636,82180,3,0,0,146310,0,3,2,7,38,39,2,3,9,74,1,185,3424,53,Stay,44.3808013862628
92,737,87958,2,1,0,40058,0,4,1,3,20,14,16,3,10,62,1,26,913,25,Stay,44.997042770482274
93,766,9865,1,1,0,40313,1,4,3,6,106,28,14,2,19,16,2,177,4850,4,Churn,54.864517874659036
94,452,2219,4,1,1,39149,1,3,1,4,111,11,8,2,31,14,1,139,882,30,Churn,70.08291686575907
95,679,39809,4,1,0,73521,1,3,2,11,67,39,9,1,17,33,1,166,4155,30,Churn,65.8778624126792
96,616,5287,1,1,0,65740,1,3,1,5,84,25,7,3,9,37,1,54,107,13,Churn,60.41146787540001
97,651,34387,4,0,0,126611,1,3,3,11,36,21,12,1,33,71,2,180,3873,42,Churn,72.42763560095847
98,587,8512,4,1,1,24956,1,3,2,5,106,10,17,3,34,26,2,180,4770,49,Churn,73.16159889980528
99,779,1342,4,1,1,95731,0,3,3,7,30,43,4,2,24,29,1,97,3239,14,Churn,51.47007848506703
100,440,63076,2,0,0,102612,0,4,3,11,48,15,5,1,9,12,1,57,3889,56,Churn,50.68809472812686
101,556,19216,4,1,0,137850,1,3,2,5,104,19,16,1,7,46,2,157,4151,47,Churn,64.15383891462635
102,414,93070,4,0,0,86641,0,1,3,11,111,48,10,3,16,99,2,47,617,8,Churn,50.932942655814614
103,700,79767,4,1,1,83811,1,3,3,3,55,22,19,3,19,24,1,119,3290,55,Churn,76.4025467584277
104,464,97829,2,0,1,72160,1,3,1,10,75,21,15,3,6,60,2,57,3202,24,Churn,74.07062468647007
105,744,26614,1,0,1,71313,1,4,3,5,100,44,8,2,11,57,1,163,4678,18,Churn,61.267662755039254
106,726,36258,3,1,0,83232,1,4,3,7,45,32,1,1,12,17,2,143,2816,35,Churn,68.24298904713498
107,408,93789,4,1,1,35417,0,3,3,5,84,23,4,3,13,22,1,168,678,25,Churn,52.24195696986952
108,743,42078,1,1,0,44729,1,4,3,5,91,13,0,2,12,57,1,111,4582,17,Churn,53.98230123805698
109,528,83524,4,0,0,132492,0,2,2,9,74,5,3,3,21,12,2,116,4607,32,Stay,42.41067030570484
110,535,96573,2,0,0,50099,1,4,1,3,72,4,3,1,10,74,1,25,1965,56,Churn,73.76853071192822
111,462,12219,1,0,1,138387,1,4,3,13,108,28,2,3,20,82,2,188,1476,24,Churn,60.094259369261025
112,538,235,2,1,0,118134,1,4,3,6,44,14,8,1,28,40,2,146,3038,7,Churn,65.6163243444979
113,480,42929,4,0,1,49961,0,4,2,1,40,8,11,2,24,35,2,34,1005,13,Stay,47.84116570895881
114,791,67444,4,0,1,32602,1,1,3,10,37,9,9,2,5,90,1,127,1064,27,Churn,79.05191390115837
115,562,8567,2,1,0,138474,1,1,2,5,112,35,1,3,12,65,1,150,2076,48,Churn,77.86995545119467
116,688,70792,3,0,0,29256,1,1,1,8,10,37,10,1,35,43,1,62,4859,5,Churn,75.57084163026168
117,778,65441,2,0,1,106120,0,3,1,5,34,21,9,1,2,18,2,66,1987,36,Stay,43.10571251307369
118,660,84555,4,1,0,132516,0,3,3,9,52,18,5,1,9,71,1,118,2547,26,Stay,45.209718916632376
119,630,73698,2,0,1,54681,0,2,3,11,111,33,17,3,22,22,1,33,1091,42,Churn,53.87405650808002
120,440,5415,3,1,0,111328,1,1,3,6,93,8,1,1,5,78,1,176,3656,45,Churn,73.9277818032419
121,427,36159,2,1,1,107440,0,3,2,8,76,49,1,1,12,50,1,151,4059,31,Stay,45.729158763991116
122,534,43925,3,1,1,84789,1,4,3,10,72,17,9,1,1,86,2,173,3704,10,Churn,65.27691825083156
123,600,5951,3,1,1,63361,0,4,3,8,60,43,15,1,22,10,1,134,1183,46,Stay,48.180879251147225
124,727,87388,2,1,1,84503,0,1,1,13,11,31,11,3,19,98,2,159,534,26,Churn,51.18912479291248
125,667,8007,2,0,0,54540,1,2,3,3,91,34,0,3,16,56,2,21,120,22,Churn,70.80634632494805
126,432,41832,1,0,0,46536,0,2,1,7,117,6,7,1,31,13,2,164,3022,12,Stay,44.37021045899922
127,447,58596,4,1,1,104700,1,4,3,14,73,22,15,1,3,72,2,54,2025,32,Churn,60.5302345640988
128,461,30523,3,1,1,83043,1,2,1,7,83,14,17,2,23,61,1,29,1572,27,Churn,69.93250462762536
129,615,88861,1,0,0,98532,0,1,3,14,78,3,12,2,18,19,1,131,1199,33,Churn,50.876569482899555
130,692,86740,2,1,0,76575,1,4,1,10,18,12,14,1,26,37,1,190,2737,53,Churn,67.735665793341
131,498,15524,4,1,0,147626,1,3,2,12,11,36,11,1,13,15,2,40,489,52,Churn,64.15383891462635
132,571,19282,1,1,0,22871,0,3,1,6,43,12,7,2,18,36,1,34,3513,20,Stay,45.82076334037907
133,759,23930,3,0,0,66002,0,2,1,12,69,45,9,2,3,21,2,182,2715,39,Stay,36.77816611359383
134,613,77,1,0,0,69812,1,4,1,7,111,2,13,1,23,71,1,131,1454,41,Churn,65.6521724436879
135,434,20611,3,1,1,42626,0,4,3,14,70,2,4,3,3,61,1,145,4621,40,Stay,44.27116599035952
136,626,16984,2,1,0,79979,1,3,3,2,40,15,17,3,25,57,1,104,105,59,Churn,79.99133801029677
137,500,14060,4,0,0,96057,1,4,3,9,19,23,18,1,27,76,2,104,290,13,Churn,72.42763560095847
138,530,82985,4,0,1,146834,0,4,2,10,85,29,14,1,27,55,1,191,247,14,Stay,46.846972466132954
139,656,84056,4,1,0,128946,0,4,2,10,45,17,5,2,25,83,2,24,4600,44,Stay,48.012143045928966
140,404,43303,2,1,0,86668,0,2,1,1,94,32,10,2,24,24,2,136,4453,40,Churn,51.330513676841605
141,617,59207,3,0,0,119003,0,4,2,1,58,7,10,3,8,80,2,165,3650,53,Stay,48.147640040260605
142,654,75046,2,0,0,100070,1,1,1,3,79,30,19,1,9,45,1,168,4205,22,Churn,76.73643514419925
143,797,29287,4,0,0,109390,1,2,1,14,58,28,19,2,30,23,1,91,1210,18,Churn,69.93567874985402
144,758,93709,2,1,1,62998,0,4,1,3,12,14,17,3,19,87,2,93,3933,48,Stay,49.51540055817906
145,682,39711,2,0,0,83814,0,4,2,1,83,44,17,3,16,12,2,70,724,29,Stay,49.751672717441366
146,792,11954,2,1,1,124601,1,1,3,12,14,30,9,3,24,76,2,188,4225,43,Churn,80.16580927229727
147,606,73340,3,0,1,65607,1,2,2,7,119,17,1,2,21,95,2,43,2275,16,Churn,67.23278816495996
148,414,72101,1,0,0,27812,1,3,1,4,99,32,8,2,6,28,2,171,3249,46,Churn,54.025942353523725
149,745,71520,1,0,1,81844,1,3,1,10,70,46,13,1,5,85,1,57,1178,35,Churn,59.631341636120816
150,441,87062,2,0,0,90093,0,2,2,13,94,6,18,1,14,63,1,63,3651,53,Stay,45.343354335692936
151,779,18574,1,1,1,22179,1,4,1,2,118,24,9,3,4,78,1,181,2452,34,Churn,72.13306322327523
152,578,9184,1,1,1,63798,1,4,1,10,99,6,3,3,8,19,2,94,645,3,Churn,56.11221802264467
153,462,19096,2,0,0,94601,0,3,2,5,111,27,5,2,24,42,2,114,1295,4,Stay,45.28574192459685
154,751,67728,2,1,0,28275,1,3,2,6,117,18,13,2,11,22,1,42,2169,54,Churn,68.72931963276636
155,630,34016,4,0,0,70574,1,3,2,9,35,24,3,1,17,60,1,143,3458,5,Churn,69.93811726817732
156,640,11246,1,0,0,67857,0,1,1,4,81,37,14,1,21,41,2,105,2538,10,Stay,46.09894850585649
157,451,45558,3,0,0,145555,0,3,1,2,14,24,15,1,26,84,2,62,716,52,Stay,44.84240407279686
158,495,18381,2,0,1,121484,0,1,3,5,24,38,6,2,27,33,2,59,4344,29,Churn,54.64168535444309
159,787,36455,4,1,1,40700,1,2,3,3,25,34,16,3,16,44,1,66,3443,32,Churn,75.18497289793979
160,621,92263,3,0,1,146855,1,4,2,2,10,40,18,1,26,92,2,188,1911,31,Churn,71.74010915891039
161,630,4018,1,0,1,59464,0,3,3,12,25,47,18,1,33,79,2,194,271,2,Stay,49.183942444545266
162,636,11302,4,1,1,62351,0,4,1,1,46,15,16,2,31,49,2,39,4242,12,Churn,52.99961415493946
163,542,67506,2,0,1,113330,1,4,3,10,12,11,5,1,6,63,1,128,725,27,Churn,74.41913253701661
164,570,41157,3,0,1,114319,0,3,1,2,61,22,10,3,8,53,2,87,4163,5,Stay,47.68325743738551
165,428,54917,2,0,0,102534,0,3,2,6,56,24,15,2,7,71,1,43,2354,37,Stay,45.61849941369019
166,435,92738,1,1,0,33869,0,2,2,8,104,1,7,1,34,77,2,55,552,27,Stay,42.8109832262929
167,412,96646,3,0,1,80315,1,1,1,13,22,18,10,1,14,42,2,64,1518,23,Churn,73.0566693990846
168,559,83122,1,1,1,130061,1,1,3,3,89,44,6,2,16,86,1,149,853,33,Churn,62.04042638624961
169,726,24519,1,0,0,113688,1,4,2,11,64,12,18,2,9,65,2,47,3472,4,Churn,52.108656287616604
170,586,96809,4,0,0,40954,1,3,2,9,116,43,9,1,10,45,1,173,2823,59,Churn,71.27029362517008
171,642,87487,2,1,0,51555,1,2,3,12,30,28,8,3,17,63,2,42,3110,21,Churn,71.22806307599457
172,485,56819,3,0,0,83353,1,2,3,9,75,40,3,2,12,28,1,183,3011,24,Churn,71.7560712465098
173,683,80910,1,0,1,102190,0,2,1,2,63,7,14,3,6,52,2,110,1325,44,Stay,46.29180440486729
174,465,71324,1,1,0,65026,1,2,3,8,36,23,12,1,19,21,1,153,267,31,Churn,52.081628465727256
175,569,5408,3,1,1,120772,1,2,3,10,47,21,1,3,29,20,1,182,3785,44,Churn,75.78040606392571
176,444,59379,1,1,1,66976,0,1,3,11,99,34,1,1,6,79,2,122,185,48,Stay,47.79181335702016
177,461,25053,4,1,1,100578,1,1,1,12,67,11,15,1,25,21,1,57,1777,24,Churn,70.66224954642325
178,533,9446,4,1,0,111502,1,1,1,5,71,22,8,1,24,50,2,182,2082,49,Churn,70.03521144854247
179,683,922,4,0,0,133943,0,3,2,4,111,42,12,1,25,34,1,113,1586,53,Stay,44.29359421927923
180,427,98723,4,1,1,129850,0,4,1,10,55,35,2,3,16,12,2,72,541,10,Stay,48.15029122196322
181,507,51356,1,0,1,65095,0,2,2,5,98,29,8,1,16,12,2,57,370,49,Stay,47.50045680746972
182,443,10789,3,0,1,34270,1,3,3,4,20,42,12,1,6,93,2,62,443,49,Churn,69.54264373081418
183,739,97720,3,0,0,50908,0,2,2,8,81,28,1,3,21,37,2,122,1306,50,Stay,41.96223207423933
184,685,66656,3,1,1,35523,1,1,2,4,17,18,7,2,4,32,1,133,3181,2,Churn,75.57180939367531
185,730,44028,3,1,0,82433,1,3,3,13,106,14,8,3,34,57,2,23,1357,31,Churn,73.46462841218701
186,527,64484,2,0,1,67068,1,1,2,10,80,18,15,3,28,76,2,24,2391,25,Churn,79.00620187368924
187,747,32154,3,1,1,39991,1,2,1,12,73,28,1,3,28,51,2,87,1632,4,Churn,73.41297630214896
188,630,82870,2,1,1,30775,0,2,1,13,111,24,5,1,17,97,2,142,3522,51,Stay,47.618711041737576
189,589,2336,2,1,0,97801,0,4,1,14,30,8,7,1,14,49,2,192,4462,11,Stay,43.165830094029026
190,624,67779,4,1,0,104995,1,2,1,6,81,42,4,1,7,15,1,99,1753,17,Churn,66.74996545085304
191,784,19029,2,0,1,81250,0,1,2,2,72,45,8,2,22,29,2,172,338,44,Churn,53.01330288786264
192,776,59201,1,0,0,36673,1,2,2,5,94,8,0,1,1,20,1,30,1014,2,Churn,52.97805366036699
193,682,32265,2,1,1,142808,1,4,3,6,73,4,8,2,29,36,1,176,1538,6,Churn,71.89940743105626
194,520,43872,4,0,0,47056,1,4,2,5,29,27,9,1,31,30,2,181,3116,9,Churn,68.42102259953293
195,515,46197,2,1,0,26614,0,1,2,12,17,36,3,3,30,22,2,161,1560,5,Stay,48.566955372583465
196,632,55180,1,1,0,121556,1,3,2,2,67,5,2,1,15,95,1,139,3179,20,Churn,60.613161861156364
197,658,23710,1,0,1,27415,1,2,3,14,55,33,9,2,18,44,1,171,2358,29,Churn,61.59401848176548
198,758,29486,1,0,0,108691,0,4,1,7,40,49,14,2,35,56,1,186,466,21,Stay,42.79081305428235
199,597,71907,4,0,0,134966,0,2,2,4,102,34,10,1,30,95,2,45,3091,9,Stay,43.48141952697938
200,536,71895,4,1,1,63884,0,2,3,8,18,30,13,3,34,37,1,190,3841,28,Churn,51.88448199030514
201,717,64435,3,0,1,36964,0,3,3,7,24,8,5,1,11,30,1,55,185,55,Churn,51.656812544854866
202,564,40631,4,1,1,57726,1,4,3,7,103,39,11,1,27,27,2,186,2593,8,Churn,65.02625541460215
203,624,20103,1,0,1,143133,0,2,1,9,35,47,12,1,24,40,1,163,4815,31,Stay,45.938576355256494
204,706,64772,1,0,0,57044,1,4,2,1,19,26,16,3,35,69,2,141,231,20,Churn,65.38436915537935
205,633,14382,4,1,0,77149,0,1,3,10,38,37,15,2,8,46,1,78,1003,27,Stay,49.53792293898769
206,571,84291,2,1,0,57544,0,1,1,6,89,34,2,3,18,30,2,115,3556,8,Stay,46.60438896536612
207,551,3756,4,1,0,69976,0,2,3,6,45,7,1,2,13,23,1,25,1321,54,Stay,47.321304761702535
208,714,20609,4,1,0,52252,0,4,3,6,93,40,10,2,24,98,2,117,1863,21,Stay,49.61598103262243
209,773,16478,1,1,1,23832,0,2,3,13,118,28,8,2,23,69,2,75,2904,28,Churn,50.636718852225926
210,559,39666,3,1,0,110811,0,4,3,12,46,39,2,3,12,32,1,155,1326,23,Stay,47.93955659180688
211,495,75683,1,1,0,100437,1,4,3,6,95,39,17,1,30,38,2,113,1384,6,Churn,50.91181704257887
212,632,99097,3,1,0,123749,0,3,1,12,80,28,19,1,31,56,1,46,789,3,Stay,41.792897995142894
213,579,71315,1,0,1,54148,0,3,2,10,32,14,14,1,28,39,2,174,4882,5,Stay,45.98278998766697
214,512,77834,4,1,1,81240,0,3,2,7,50,38,13,1,22,99,2,139,4981,9,Stay,47.88359196785288
215,717,14153,1,1,0,128169,0,2,2,14,113,4,1,1,28,93,2,193,4535,7,Stay,44.53705027321403
216,451,76325,1,0,1,145607,1,3,2,10,102,42,16,3,13,47,2,188,4607,4,Churn,55.363428046198
217,667,12999,1,1,1,108454,0,3,1,6,89,18,7,3,25,92,2,44,2096,39,Stay,49.08275790959377
218,694,55318,4,0,1,132230,0,1,1,1,111,44,9,3,7,36,2,105,4481,5,Stay,48.19803210987483
219,785,814,4,0,1,148933,0,4,1,3,37,48,17,3,6,98,2,165,1209,11,Stay,44.91626470247042
220,786,76077,4,1,1,105076,0,4,3,2,57,25,18,3,24,96,1,31,529,15,Churn,54.42574240804661
221,512,90474,4,0,1,97116,1,3,3,6,47,7,7,3,19,24,1,106,4226,34,Churn,78.67995204559664
222,500,2443,3,1,1,73459,0,4,3,8,40,38,7,3,19,68,2,198,3881,13,Churn,53.303361366337064
223,512,75993,3,0,0,58402,1,1,2,3,23,28,2,1,9,12,2,128,702,54,Churn,74.45254248020652
224,480,75916,2,0,0,77727,0,1,3,10,106,5,2,2,29,19,2,186,539,48,Churn,50.444097350544595
225,586,73319,4,0,1,58578,1,3,2,8,82,3,11,3,24,88,1,108,1084,7,Churn,75.27168480797937
226,512,17368,3,1,0,110453,1,1,3,8,100,44,16,2,5,89,2,29,2018,40,Churn,74.82217039361493
227,401,15328,1,1,0,42318,0,4,2,5,97,31,3,3,26,26,1,93,4607,6,Stay,46.3347139022104
228,529,56942,4,0,1,95715,0,2,3,8,86,47,16,3,14,92,2,96,627,56,Churn,51.726807061380455
229,619,91751,2,0,0,97787,1,4,3,6,99,42,13,1,29,20,2,73,4505,39,Churn,73.69099059492254
230,453,99131,2,1,1,131435,1,2,1,5,38,20,18,2,6,57,2,176,3096,50,Churn,67.4939183788929
231,742,27306,2,1,1,105029,0,3,3,9,60,19,8,1,7,14,2,121,3567,30,Stay,49.48722340070971
232,623,85451,1,0,1,40466,1,2,3,14,58,48,11,1,18,78,2,188,1461,22,Churn,55.49680506553489
233,624,39915,3,0,0,115742,1,1,1,7,52,11,4,2,23,73,1,156,803,25,Churn,73.88565867629958
234,784,37219,1,1,0,65475,1,4,2,8,101,40,10,1,1,23,2,184,762,28,Churn,51.77522737337459
235,525,80879,4,1,0,80142,0,2,1,1,101,3,19,3,4,59,1,161,464,54,Churn,50.81642827903885
236,529,64644,2,1,0,105160,1,4,1,11,81,23,2,3,35,35,1,120,1022,20,Churn,73.51793717581789
237,452,60279,1,1,1,46564,1,3,2,2,96,7,14,3,23,81,2,92,3956,39,Churn,65.06793038282962
238,571,53028,1,1,1,42412,1,3,3,8,102,23,13,3,27,78,2,91,275,3,Churn,58.91220780638836
239,617,126,3,0,0,113526,0,1,2,12,14,7,10,3,26,16,2,186,1035,5,Stay,46.12619353267702
240,559,52329,3,1,1,71001,0,3,3,9,51,46,19,1,8,25,1,187,481,1,Stay,48.406159414252734
241,597,27632,2,0,1,77649,1,2,3,4,16,34,7,1,16,64,1,73,405,15,Churn,73.04567808911104
242,646,65310,1,1,0,80957,0,3,2,12,51,42,3,3,3,87,1,22,4797,26,Stay,40.04343805185046
243,723,55176,1,0,1,55517,1,1,1,10,45,19,11,3,32,65,2,130,2490,3,Churn,62.45190428537077
244,602,86066,3,1,0,33156,0,4,2,11,114,9,7,1,5,13,1,180,2303,40,Stay,43.62498829721077
245,583,44327,1,1,1,43064,0,4,3,10,36,48,5,2,20,57,1,115,4907,57,Stay,49.22944250392465
246,522,68904,1,0,0,45711,1,3,2,14,67,18,14,1,14,26,1,90,1565,41,Churn,57.39526761603872
247,654,3797,1,0,1,50106,0,2,2,9,55,41,11,1,32,45,2,38,3371,47,Stay,47.50045680746972
248,693,47882,3,1,1,85458,0,1,3,4,75,48,15,1,26,79,1,53,502,42,Stay,49.5973634443084
249,679,13718,2,1,0,36589,0,2,1,10,34,45,15,1,6,89,1,69,4809,34,Stay,43.0872471314909
250,724,34560,4,1,0,109272,1,1,2,10,82,42,19,1,5,47,2,194,2770,52,Churn,70.97671994947947
251,771,76589,2,1,0,106511,0,3,3,10,36,25,19,2,13,71,2,65,1901,5,Stay,49.61598103262243
252,497,22116,4,1,0,121754,0,1,3,9,10,14,3,3,32,57,2,102,2750,31,Churn,50.17144090273678
253,597,36244,1,0,1,27214,1,1,2,11,96,44,10,3,16,19,1,70,276,51,Churn,64.85775141269441
254,794,1645,2,0,1,116117,0,3,1,7,83,25,12,2,1,45,1,73,4644,13,Stay,43.45831075967472
255,639,47523,4,1,0,105731,0,2,2,2,51,19,8,3,13,38,1,109,842,43,Stay,48.44959490755657
256,543,19256,3,0,1,130118,0,3,1,9,61,39,3,3,11,87,2,100,2448,1,Stay,43.540097841722655
257,496,53173,3,0,0,146479,0,1,1,4,34,15,11,3,8,13,1,137,4502,22,Stay,43.538132589941995
258,600,37430,2,0,0,47127,0,3,1,8,63,16,8,2,25,53,2,175,850,15,Stay,43.13268267010661
259,523,39282,2,1,1,25141,1,1,1,14,76,27,12,2,32,65,2,38,968,26,Churn,72.30174841325938
260,586,63374,1,0,1,48884,1,3,2,7,15,40,15,3,24,51,1,46,4162,18,Churn,61.79905070223847
261,725,68244,2,1,0,110421,0,4,3,13,67,10,5,3,28,22,1,195,4067,48,Stay,48.982262886429176
262,748,11694,1,0,0,22708,0,4,3,7,79,4,9,3,14,55,1,166,313,9,Stay,48.36162923744942
263,658,56264,1,1,0,38375,0,3,3,8,62,19,12,1,3,91,2,198,1717,1,Stay,39.83453447852746
264,547,75060,3,0,1,35088,1,2,3,1,75,28,6,1,27,42,2,26,2630,43,Churn,75.6601093788869
265,651,97416,3,1,1,77615,1,1,3,5,67,21,18,1,20,30,1,176,3433,9,Churn,72.88761794465508
266,745,57545,4,1,1,130138,0,4,3,2,91,47,18,2,15,89,2,190,1697,23,Churn,53.72419689565364
267,546,39224,3,0,1,65046,0,2,2,2,96,14,16,3,27,88,1,88,611,43,Churn,51.29491727829688
268,547,97945,3,1,0,30014,1,1,1,1,11,33,12,2,28,66,1,113,352,45,Churn,81.64626729397226
269,751,13224,2,1,0,84425,0,4,3,5,85,48,12,2,25,78,1,132,4233,58,Stay,48.23061335125901
270,598,40738,3,1,0,23273,1,4,2,2,31,10,1,2,33,79,2,126,728,2,Churn,76.35223039240964
271,707,25150,4,1,0,67135,1,3,3,4,46,19,9,3,14,76,2,139,3576,14,Churn,73.46462841218701
272,527,63731,2,1,0,122842,0,1,3,3,29,30,12,1,8,57,1,155,1086,38,Stay,46.461084860321144
273,438,49688,4,1,0,50881,1,2,1,3,112,22,8,3,14,85,1,189,1825,40,Churn,72.28176942049066
274,737,99929,3,1,1,117022,0,2,1,2,33,3,0,3,1,42,2,61,2193,18,Churn,50.949229104501256
275,759,73509,4,1,1,98077,0,2,1,13,93,37,13,2,16,45,1,32,1801,16,Stay,49.26364218742268
276,528,8577,2,0,0,28712,0,1,3,6,74,41,15,2,18,42,2,173,404,53,Churn,51.64699502546451
277,666,8070,1,0,0,94704,0,2,3,2,74,18,19,2,7,40,1,37,4178,29,Stay,49.89802939835359
278,550,8666,4,1,1,72874,0,2,3,14,90,11,14,1,15,30,2,61,2380,44,Stay,49.346953453131206
279,697,57761,4,1,1,89087,0,2,1,14,10,48,0,1,24,36,1,70,4440,11,Stay,41.64088417345126
280,498,36368,2,0,1,32297,1,3,2,8,118,2,16,1,13,81,2,132,2907,6,Churn,73.823835964446
281,662,6783,2,0,1,129269,1,3,3,8,103,12,12,3,9,71,1,163,2986,3,Churn,79.73697626196956
282,651,41914,4,0,0,47128,1,1,3,13,114,6,14,2,15,35,2,120,3554,14,Churn,78.08151771502978
283,543,70507,3,1,0,88368,1,1,3,14,12,43,15,3,35,75,2,22,1124,2,Churn,78.95506078407564
284,745,79026,4,0,0,114019,0,2,2,12,55,40,15,1,24,21,2,98,4412,32,Stay,43.48141952697938
285,511,67526,2,1,0,107599,1,3,3,5,64,44,1,2,33,31,2,117,3075,31,Churn,71.59037981721703
286,459,70835,1,1,0,108499,1,4,2,10,84,29,16,1,16,26,1,192,606,11,Churn,52.12819186044234
287,768,45765,1,0,1,98958,1,4,3,7,97,30,10,2,8,16,2,169,4956,22,Churn,56.088607898864595
288,401,19956,3,1,0,52920,0,2,2,4,95,2,7,2,29,77,2,42,3051,3,Stay,46.54727112709026
289,784,87895,4,1,1,140442,1,2,3,1,73,9,19,3,23,46,1,78,1153,50,Churn,82.24804425037043
290,703,46240,1,1,0,31156,0,3,1,11,117,47,2,3,31,47,2,132,2774,31,Stay,46.01925880906697
291,653,37148,4,1,0,31108,1,3,1,2,54,2,11,1,14,20,1,87,2667,33,Churn,75.03856338376148
292,539,94270,2,0,0,51845,0,3,1,10,35,29,19,3,30,10,2,73,2004,24,Stay,43.65225060873193
293,436,4757,1,0,0,22800,0,1,1,10,86,33,15,3,27,34,2,76,4470,1,Stay,46.19706468772568
294,559,19097,3,1,0,148832,1,1,3,4,74,10,13,3,16,51,2,170,4687,44,Churn,78.95506078407564
295,408,10395,2,1,1,123614,0,2,1,1,33,34,15,2,6,61,2,130,2994,15,Churn,54.397140980887784
296,632,16241,3,0,1,62712,0,1,2,13,83,44,16,3,33,33,2,79,1200,37,Stay,48.99178618362716
297,498,27696,2,1,1,22610,1,3,1,8,44,8,10,1,18,62,2,92,3761,27,Churn,65.52599339467903
298,546,70480,1,0,0,97603,1,3,1,9,33,37,16,2,16,65,1,74,1736,38,Churn,59.141633139791125
299,703,46163,3,1,0,53872,1,1,1,4,37,33,18,2,12,72,1,136,1555,48,Churn,70.04044541226781
300,607,19816,3,1,1,30728,0,4,3,10,109,47,0,3,20,90,2,82,3713,27,Stay,48.067356427318146
301,530,49840,2,0,0,115102,0,2,1,3,89,6,11,2,29,17,2,74,138,44,Stay,42.923702364841986
302,551,52853,3,0,0,115319,0,4,2,2,113,44,14,1,30,68,1,44,3184,12,Stay,47.812625768277236
303,453,24917,2,0,1,142049,1,2,1,5,25,40,17,1,26,54,1,45,4339,3,Churn,72.13433254225579
304,519,96731,2,0,0,40583,0,4,1,14,68,45,13,2,22,36,2,196,2831,30,Stay,43.13268267010661
305,560,21566,2,1,1,105774,0,1,1,3,90,19,0,3,33,61,2,82,2515,32,Stay,45.52333645643362
306,515,75452,2,0,0,27263,0,2,2,10,63,32,12,3,29,27,2,192,858,23,Stay,45.57294810408477
307,474,62823,1,1,1,146374,0,2,1,7,88,27,14,2,22,95,2,92,4442,2,Churn,50.523728467923966
308,512,20806,2,0,0,87450,0,2,2,11,25,1,6,1,13,25,2,98,3216,7,Stay,48.564907297809356
309,503,75520,4,0,0,109285,0,3,2,6,24,43,14,2,9,75,2,186,864,34,Stay,43.70047193213476
310,739,1759,3,1,1,39456,0,3,1,1,107,33,19,3,24,14,1,84,2522,32,Churn,52.818197819596755
311,653,41949,4,0,0,111118,1,4,2,12,20,40,9,3,15,91,2,88,1414,53,Churn,73.26029653403177
312,626,92374,1,0,0,85942,1,1,3,8,74,32,13,2,13,12,2,28,4402,39,Churn,61.3899805483324
313,511,2482,4,0,1,33689,1,3,1,2,88,5,5,1,27,90,1,175,4095,32,Churn,76.69001562997306
314,498,24442,3,0,0,52934,0,2,1,5,99,17,13,2,7,89,1,192,4129,43,Stay,41.491109281700226
315,552,33719,4,1,1,53276,0,3,2,9,77,8,11,1,8,79,1,45,3793,43,Stay,46.580543210589305
316,748,58066,1,1,0,136349,1,1,2,8,52,42,10,1,14,16,1,47,3285,14,Churn,55.32680273702276
317,783,93501,2,0,0,149336,0,3,1,2,78,34,19,2,12,59,2,59,2966,3,Stay,45.6381872996754
318,765,2079,4,0,0,121968,1,2,3,9,108,9,18,2,17,23,1,162,1417,46,Churn,73.03874259112273
319,737,2717,1,0,0,39873,0,4,2,5,22,23,1,1,29,47,1,153,800,32,Stay,43.91915563454156
320,593,59676,1,1,1,33050,0,2,2,10,19,35,19,1,27,88,2,46,4483,43,Stay,47.43123118938315
321,709,27952,3,1,0,86216,1,1,3,14,84,7,0,1,1,56,1,57,2301,36,Churn,70.73992974841713
322,562,86444,3,1,1,104444,1,4,3,6,91,15,7,1,34,42,1,104,1693,17,Churn,67.57143388633503
323,607,42460,4,1,0,104040,1,3,1,13,107,20,13,3,4,52,2,83,4087,48,Churn,71.70590244226346
324,568,90397,2,0,0,41644,1,3,3,3,112,25,8,2,24,38,2,49,4245,3,Churn,73.73980685954368
325,560,72847,1,0,0,82021,1,3,1,13,50,3,1,1,21,66,2,118,1330,57,Churn,58.23306396297648
326,467,93607,4,0,0,57125,0,4,3,3,115,46,4,2,33,14,2,150,2712,10,Stay,48.481921800614124
327,688,89106,1,1,1,86899,0,2,2,10,59,24,7,1,7,69,2,31,3237,53,Stay,47.43123118938315
328,797,18449,1,0,1,62291,0,4,1,8,96,34,15,2,1,79,2,110,2008,47,Stay,45.81411508814821
329,676,33536,2,1,1,55060,1,4,1,11,80,46,15,2,3,11,2,49,1890,40,Churn,63.2836483332228
330,703,64077,2,1,1,21538,1,1,1,10,68,22,12,1,15,79,1,57,3028,18,Churn,70.66224954642325
331,783,38258,4,0,0,56176,1,4,3,10,48,11,19,1,31,52,1,104,1188,3,Churn,75.0472410914541
332,791,48302,2,0,1,142430,1,3,2,12,12,48,14,2,16,13,2,79,2481,39,Churn,68.4425132046069
333,534,28865,2,0,1,61520,1,2,1,2,85,8,0,2,10,65,1,57,4227,10,Churn,74.02243736662794
334,594,6645,4,1,0,45675,1,2,1,11,16,39,2,2,29,68,2,123,3045,52,Churn,66.11281368634694
335,527,38000,2,1,0,38287,0,2,1,12,58,43,5,3,6,98,1,162,3669,9,Stay,46.29680117744456
336,432,26737,3,0,0,20174,0,3,1,12,35,35,13,1,29,18,2,165,1265,46,Stay,42.01723182049318
337,575,11485,1,0,0,112268,0,3,2,2,42,49,3,3,17,12,1,199,700,55,Stay,45.03278310262776
338,770,38565,1,1,1,54998,0,3,3,13,110,46,17,3,22,99,2,48,2125,46,Churn,50.93277500037263
339,774,25522,1,0,1,122591,0,3,2,5,57,38,14,1,24,57,1,131,1684,11,Stay,46.15387471279288
340,421,65155,1,1,0,73312,1,3,1,6,88,8,8,1,17,52,2,40,1087,33,Churn,50.946871899059744
341,637,55168,4,1,0,32112,1,4,2,12,11,37,17,3,21,10,1,164,2065,36,Churn,73.66695118576116
342,557,52487,1,0,0,125410,1,3,1,2,114,27,2,1,11,66,1,165,1539,26,Churn,67.86499620762314
343,437,12342,1,0,1,95225,1,3,3,5,80,28,9,2,7,62,2,138,4715,27,Churn,56.088607898864595
344,629,40806,1,0,1,64814,1,3,3,7,41,40,16,2,5,25,1,184,968,38,Churn,61.267662755039254
345,764,48770,1,0,0,105091,1,3,3,10,13,34,6,3,21,60,1,79,2163,22,Churn,66.80323459225382
346,450,78623,3,1,0,70719,0,2,1,10,29,32,14,3,18,84,1,185,1229,26,Stay,46.29680117744456
347,663,99785,1,1,1,149887,1,3,2,8,45,15,0,1,35,99,1,159,4478,22,Stay,47.26698335965862
348,682,75629,3,1,0,53919,1,4,3,12,41,44,10,1,20,64,1,132,4556,5,Churn,67.30585540188059
349,426,52603,4,0,0,93155,1,4,1,7,37,17,16,3,15,10,2,148,3829,35,Churn,73.92680569209894
350,625,81974,2,1,1,91569,1,4,1,8,86,33,4,3,5,99,2,77,2034,2,Churn,72.66580633058724
351,676,26399,1,0,0,61328,0,1,2,14,10,47,6,2,13,37,1,22,1176,35,Stay,47.668593574738786
352,685,85382,2,0,1,90482,0,2,3,12,69,46,18,2,12,62,2,168,1739,9,Churn,52.76574451595945
353,496,81244,2,0,0,44618,1,3,1,9,65,16,14,1,21,67,1,42,1492,51,Churn,74.9916606185897
354,683,76534,4,0,0,54675,0,1,2,5,44,29,2,2,6,82,2,156,130,51,Stay,44.052879603152675
355,766,55106,2,0,1,121794,0,3,3,13,39,9,14,1,7,69,1,102,803,49,Churn,53.25767675907227
356,716,30678,3,0,1,38919,1,1,2,5,63,33,4,1,26,68,1,74,968,18,Churn,74.27088808535387
357,703,76218,2,1,0,24173,1,1,2,11,45,49,11,1,8,31,1,129,332,43,Churn,70.56054708529882
358,546,63230,2,0,1,129369,1,4,1,10,64,29,19,2,9,17,1,135,1050,12,Churn,72.92208706096697
359,403,74055,2,1,0,46400,1,4,1,4,98,13,4,3,27,58,2,166,158,3,Churn,71.70590244226346
360,434,56373,1,1,0,70445,1,1,1,13,89,21,2,3,4,51,2,81,2918,18,Churn,61.24047468134671
361,591,31480,1,0,1,90305,0,4,2,9,67,21,8,2,21,36,2,106,3700,56,Stay,45.979680852151986
362,448,85230,3,0,0,57564,1,1,1,5,92,5,8,3,31,48,1,186,3249,38,Churn,77.92861458138486
363,416,68836,3,0,0,65814,1,2,2,14,74,10,6,1,21,92,2,119,401,7,Churn,65.98539906186977
364,571,72258,1,1,1,99747,1,4,2,2,78,6,1,3,25,34,2,46,2950,33,Churn,67.01717888853088
365,619,39986,3,0,1,108791,0,4,1,10,60,13,15,2,15,47,1,193,3044,6,Stay,44.75160927268335
366,557,24160,1,1,0,47962,1,4,3,8,31,1,8,3,35,94,1,53,2023,18,Churn,61.7506643300628
367,445,85595,4,0,1,104892,1,2,3,7,97,20,12,1,28,33,1,52,416,45,Churn,71.7632091379911
368,772,79111,2,0,1,105842,1,1,3,8,116,47,18,1,14,33,2,111,1988,22,Churn,77.50006407132969
369,405,64929,2,1,1,90533,0,3,2,12,118,46,19,2,4,69,2,115,2815,51,Churn,51.14921107325746
370,498,73506,3,1,1,76184,1,4,2,3,110,8,16,2,20,92,1,197,4885,39,Churn,70.58436255790045
371,779,34911,1,0,0,102912,1,1,2,4,62,10,5,2,34,59,2,167,1981,51,Churn,56.737505189792984
372,632,87127,1,1,0,126416,1,2,1,5,109,9,3,1,12,75,1,187,3998,9,Churn,52.50244534775973
373,436,31821,3,1,0,123591,0,3,2,6,45,49,0,3,33,23,2,114,4213,35,Stay,45.091819304518445
374,679,75039,1,1,1,30578,1,4,1,1,77,41,17,3,24,62,1,178,1278,23,Churn,73.63665725394564
375,748,60535,4,1,1,38624,1,2,1,4,45,3,18,2,20,41,2,57,3955,12,Churn,67.4939183788929
376,701,84458,2,1,1,136164,1,2,3,11,61,11,8,3,5,57,2,192,4973,52,Churn,73.02884192945581
377,580,12175,3,0,1,59194,0,3,3,12,62,12,12,3,30,48,2,60,4555,24,Churn,52.04879543560433
378,494,54771,3,0,1,129903,1,1,3,10,91,10,7,2,24,49,1,156,431,50,Churn,79.05191390115837
379,498,86925,1,1,1,20389,1,4,1,13,59,25,12,2,7,51,1,156,627,40,Churn,57.23978078504655
380,587,66358,3,0,1,119303,1,4,1,5,89,49,14,1,16,86,1,98,2159,9,Churn,72.13209793007958
381,515,17327,4,0,0,131116,0,1,1,7,50,49,10,1,15,85,2,147,1198,13,Stay,43.549408995735725
382,590,47057,1,1,0,133903,0,1,2,13,27,25,11,1,23,17,1,41,311,40,Stay,45.97698970001815
383,652,6150,1,0,1,87391,1,1,1,5,31,11,13,1,12,88,2,35,1814,54,Churn,58.51222790470595
384,560,4425,1,1,1,126429,0,3,3,13,75,36,3,3,29,35,1,51,2788,42,Stay,47.956536663899065
385,655,16032,1,1,1,33794,0,3,3,13,30,39,0,3,15,21,1,161,2430,17,Stay,44.977953975624146
386,722,2198,4,0,0,78002,0,4,1,1,109,26,3,1,29,52,2,57,3366,7,Stay,42.2488008322705
387,527,60500,1,1,0,55531,1,3,1,11,53,14,18,1,21,60,2,117,1132,17,Churn,50.946871899059744
388,417,53394,3,1,1,72815,1,2,3,7,112,39,8,2,15,91,1,155,1432,55,Churn,70.43014740257709
389,680,20079,4,1,1,24986,0,4,1,8,56,40,9,3,14,72,1,40,1940,50,Stay,48.220496586297365
390,622,36220,2,1,0,52298,0,3,3,13,48,1,3,3,16,58,2,75,4786,24,Stay,47.07340135466702
391,453,41874,2,1,0,21481,0,1,2,7,38,4,19,1,15,36,2,65,2238,2,Stay,46.518646457520425
392,457,13859,3,0,0,76408,1,2,3,11,63,30,8,3,4,18,1,62,4651,35,Churn,77.42887667887597
393,722,50460,3,0,0,89267,1,1,2,14,99,12,12,2,27,48,2,139,4191,28,Churn,74.60845709811812
394,759,31419,4,1,1,141950,0,4,1,13,94,35,11,2,23,74,1,65,543,19,Stay,47.78018683368298
395,573,8705,2,1,0,36835,0,1,1,4,26,13,10,3,29,80,1,67,4274,33,Stay,46.30599377476365
396,679,42880,2,0,0,145355,0,3,2,8,89,31,11,1,9,99,1,103,1598,21,Stay,45.88284515552844
397,513,23236,2,1,1,47798,0,3,1,5,69,38,17,3,7,80,2,50,1026,53,Stay,49.51540055817906
398,687,87955,2,0,0,111649,1,4,2,10,40,43,11,2,4,16,1,180,722,10,Churn,72.67531458598636
399,741,85514,2,1,0,84887,0,1,1,9,82,23,15,1,5,81,1,191,1579,53,Stay,43.095850346391934
400,550,15358,1,1,0,39477,1,4,3,12,104,4,4,3,5,89,2,90,3137,46,Churn,58.26817817486957
401,526,99713,3,1,1,37266,0,1,1,12,87,16,19,1,11,76,2,27,3485,45,Stay,47.780281305068705
402,554,94914,1,1,0,106328,0,2,3,10,58,7,11,1,28,19,2,149,3418,9,Stay,45.889776700647694
403,785,76918,2,1,1,105988,0,3,3,5,110,22,10,2,16,80,1,164,333,38,Churn,51.47007848506703
404,672,14596,4,1,1,147815,0,4,2,1,11,29,8,1,30,94,2,71,1717,6,Churn,50.319598114750406
405,503,33572,4,1,0,63526,0,2,1,12,57,11,17,3,4,62,2,64,2791,51,Stay,47.745925006531124
406,792,78757,2,0,0,137965,1,2,2,9,119,33,2,1,2,96,1,56,2130,53,Churn,69.54557926416548
407,698,1279,2,0,0,134615,0,4,1,12,23,29,19,1,3,66,1,189,486,42,Stay,39.218290520787505
408,645,63197,4,0,0,126870,0,4,3,5,68,39,16,3,21,95,1,63,1734,55,Stay,49.95058806662682
409,575,62516,1,1,1,147426,0,2,3,6,106,12,13,2,6,36,1,136,4233,35,Stay,49.139834170700034
410,438,7083,1,1,0,31889,1,1,1,4,108,7,0,2,18,63,2,57,1284,18,Churn,55.980246176194406
411,569,17771,2,1,0,44335,1,2,1,6,67,39,16,3,5,13,1,118,2067,53,Churn,72.28176942049066
412,646,29975,1,1,0,31254,1,4,2,12,112,42,7,3,9,97,2,143,340,19,Churn,56.699396955101214
413,425,45648,4,1,1,106610,1,2,1,8,67,48,4,2,20,32,1,25,661,5,Churn,69.93250462762536
414,754,48285,1,1,0,31442,0,1,1,3,60,26,4,1,28,57,1,87,2099,25,Stay,44.30015125210486
415,705,19063,2,1,0,66289,0,3,1,5,93,40,8,3,26,92,2,198,2029,11,Stay,46.3807500224456
416,412,67642,4,0,1,73747,0,3,2,2,11,9,2,1,18,51,2,120,2879,10,Stay,48.02435220094129
417,715,90093,1,1,1,57327,1,2,1,14,50,41,18,3,19,12,2,182,1775,17,Churn,58.285697793357336
418,790,86143,3,0,0,36199,0,1,3,2,92,34,8,2,3,12,1,153,2615,36,Stay,48.8936191799605
419,712,37599,4,0,0,92827,0,3,2,13,110,45,17,1,9,37,1,32,1777,26,Stay,44.29359421927923
420,435,51920,4,1,0,126464,1,2,2,7,91,13,15,1,31,72,2,49,4241,31,Churn,61.64048806495991
421,572,28529,3,1,0,20112,1,2,3,10,25,36,0,3,17,90,2,119,3846,32,Churn,66.9259525646682
422,419,35954,3,0,0,107051,1,1,3,13,13,25,1,1,23,40,1,21,3456,21,Churn,79.7792692381541
423,720,27856,4,0,1,39581,0,4,3,10,21,24,13,3,34,19,2,77,1751,18,Churn,52.04879543560433
424,663,2573,3,1,1,134228,0,2,1,14,38,44,13,2,5,58,2,55,4277,18,Churn,50.72366073986417
425,799,78344,2,1,0,79722,1,4,3,11,16,17,0,1,15,95,1,91,3941,1,Churn,64.12302693265055
426,541,35367,2,0,0,112036,0,4,1,10,23,2,15,3,3,30,2,192,2541,14,Stay,38.20404118868467
427,770,99608,2,1,1,117562,1,3,2,6,21,13,14,1,19,62,1,156,4985,8,Churn,66.14920667592537
428,542,60774,4,1,0,36523,1,4,2,4,108,31,14,3,28,96,1,145,694,2,Churn,73.66695118576116
429,491,23752,3,1,0,86960,0,1,3,5,14,29,11,3,3,85,1,96,2712,51,Stay,42.12880522853621
430,753,55029,3,0,0,137637,1,3,1,1,90,28,15,3,4,98,2,69,4196,15,Churn,79.98666247112524
431,721,17685,1,0,0,39552,1,3,3,7,115,27,13,2,24,63,2,51,1596,34,Churn,56.88061085024971
432,687,51693,1,0,0,143396,1,3,3,8,41,15,14,1,31,66,2,117,3655,36,Churn,56.59683487407814
433,614,55961,3,1,1,30808,0,2,1,9,83,31,14,2,11,29,2,62,4961,1,Churn,50.80149824752
434,741,76908,3,1,0,124347,1,2,3,8,52,40,18,3,1,58,1,144,4866,51,Churn,73.36048919828376
435,450,74532,3,0,0,92525,1,4,2,5,90,15,7,3,9,16,1,114,3458,21,Churn,75.67749663150562
436,552,81994,4,0,0,43620,1,3,3,3,78,33,1,2,17,38,2,97,1701,42,Churn,73.61405839368513
437,585,56133,3,0,1,124565,1,3,1,10,54,20,1,2,1,57,2,73,1014,1,Churn,70.04967712551557
438,462,97425,1,1,1,20887,1,1,1,11,115,42,9,1,3,22,2,66,1944,32,Churn,50.985648392062245
439,589,61268,4,0,1,51802,1,4,2,9,18,12,2,3,26,12,2,33,2095,20,Churn,72.42841664441116
440,524,92201,3,0,1,105024,1,1,1,6,58,37,16,2,31,11,1,195,194,54,Churn,74.12577768639812
441,549,38243,1,1,0,115549,0,4,1,5,42,9,7,3,26,25,2,74,592,47,Stay,47.50850153959829
442,713,57384,4,1,1,134737,0,4,2,13,109,23,3,3,23,15,1,176,3169,36,Stay,49.03382401819001
443,457,31653,3,1,0,138639,1,2,3,3,109,8,13,1,30,54,2,194,249,39,Churn,63.146609918700335
444,741,26657,3,0,0,138248,0,2,2,6,27,32,9,1,10,80,2,82,1146,30,Stay,43.48141952697938
445,704,39952,3,1,1,101938,0,1,3,3,18,48,0,1,8,14,2,38,2903,7,Stay,47.064349304224876
446,579,22180,4,1,1,106741,1,4,2,10,71,14,3,2,25,65,1,110,498,22,Churn,69.23411010225537
447,569,97432,1,0,1,141028,0,3,3,12,66,27,0,3,22,80,2,156,4576,57,Stay,45.32170880365628
448,725,78411,1,1,1,142746,1,2,2,6,38,25,16,2,15,41,1,120,651,50,Churn,55.77716335060888
449,670,1622,2,0,1,46049,1,3,3,4,87,13,16,2,10,58,1,56,394,45,Churn,75.8503359553526
450,453,48756,3,0,0,97789,1,1,2,2,34,21,6,1,20,22,2,126,1243,10,Churn,78.99201857623393
451,500,40809,2,1,1,104526,1,2,3,8,24,45,19,3,23,39,1,111,555,56,Churn,75.18497289793979
452,663,16725,2,1,1,27846,1,2,2,4,15,31,14,3,1,34,1,71,1653,8,Churn,74.27426807828054
453,452,61396,1,1,1,110563,0,4,1,9,51,37,12,1,2,94,1,47,268,27,Stay,42.764343159820804
454,459,51226,4,1,0,124736,1,1,3,7,38,48,1,3,19,69,2,55,4905,10,Churn,79.18919100434707
455,507,81182,4,1,1,66220,0,4,2,12,88,43,18,1,14,68,1,135,2046,14,Stay,46.580543210589305
456,404,82565,1,1,0,66163,1,2,3,2,102,5,12,2,8,94,1,83,353,46,Churn,62.669325227430896
457,502,29402,4,0,1,23765,1,1,3,4,13,13,10,2,12,37,2,37,2476,59,Churn,77.69818548108444
458,595,4263,2,0,1,137126,1,2,2,5,91,28,14,1,26,67,2,108,1420,52,Churn,65.16032377826974
459,661,96523,3,1,0,101486,0,1,3,3,66,43,9,2,27,29,1,182,2983,54,Stay,49.53792293898769
460,764,46828,1,0,1,65270,1,2,2,9,58,25,8,2,29,43,1,97,3707,11,Churn,56.94888775476639
461,771,47924,3,1,0,95277,1,3,1,13,53,35,8,1,15,14,1,186,2225,6,Churn,67.735665793341
462,749,74182,4,0,0,108278,1,3,3,5,112,47,19,2,1,91,1,109,3596,21,Churn,74.24367584112296
463,446,93065,3,0,0,146354,1,4,1,2,89,39,0,3,28,69,2,27,2340,33,Churn,73.77531908340073
464,754,59052,4,0,1,110239,0,3,3,11,84,7,16,2,3,52,2,34,500,19,Stay,46.54578962454557
465,710,11664,4,1,1,124245,1,2,3,3,23,38,11,1,18,66,1,26,2256,39,Churn,65.98386590195476
466,707,35737,2,0,1,142332,0,2,3,14,12,32,9,3,34,66,2,36,2476,24,Churn,53.32744763207104
467,543,89563,4,1,0,123159,1,3,2,9,71,3,4,3,32,84,1,105,462,18,Churn,73.66695118576116
468,668,29373,2,0,1,42931,0,4,1,7,115,45,17,2,29,63,2,137,4038,35,Stay,46.11658547577282
469,769,36397,2,0,0,109116,0,3,3,2,73,39,14,3,25,90,2,83,3951,52,Churn,55.14939741837599
470,523,86145,2,0,1,140599,1,1,2,9,111,37,5,1,26,54,1,31,3512,43,Churn,75.47838037361136
471,505,38709,1,0,0,75633,1,1,3,14,54,22,6,3,8,95,1,75,2406,37,Churn,68.87019961606609
472,557,61120,1,0,0,100702,0,1,2,4,115,8,16,2,19,46,1,193,184,19,Stay,47.668593574738786
473,546,19250,4,1,0,71913,1,3,3,13,91,17,5,2,22,93,1,194,1924,53,Churn,70.09215610381973
474,544,21172,2,1,1,139144,1,3,1,9,67,27,7,3,29,57,2,120,3985,24,Churn,72.66580633058724
475,519,11555,1,0,0,114776,1,3,1,13,29,33,11,1,33,63,2,35,407,56,Churn,55.801708855137534
476,718,87410,2,0,0,45991,0,1,3,2,67,46,13,1,35,57,1,21,4457,34,Churn,55.50927059753391
477,674,78617,3,0,0,141049,1,4,2,12,98,17,11,2,3,15,2,147,2021,22,Churn,64.17855742918192
478,491,53276,3,0,0,74845,1,2,3,10,66,42,9,2,19,43,2,111,730,4,Churn,70.19176838733537
479,457,57492,3,1,0,124092,1,3,2,12,111,12,19,1,10,72,1,124,4875,57,Churn,65.8778624126792
480,745,53002,4,0,0,118505,0,4,3,4,86,48,14,3,27,87,1,174,2471,10,Stay,49.95058806662682
481,628,89599,2,1,1,75312,1,2,2,5,77,46,6,3,15,57,2,50,3400,2,Churn,71.74588177292041
482,516,72355,3,0,1,30561,0,2,1,2,87,27,8,3,11,32,1,188,3767,8,Stay,47.9657829320065
483,717,91248,1,1,0,36901,1,2,3,10,106,48,9,3,26,93,1,183,826,33,Churn,59.641105750453114
484,678,24762,3,0,1,126041,0,4,1,1,101,8,9,1,24,22,2,66,1748,59,Stay,45.50404240564374
485,526,11046,3,0,1,115556,1,4,1,7,61,23,15,2,13,56,2,62,4412,38,Churn,67.92678301987762
486,792,96999,3,1,0,82875,1,1,3,10,46,42,6,2,32,53,1,84,1369,43,Churn,74.4321205228256
487,795,28769,4,0,0,45917,0,4,3,1,17,49,4,3,4,41,2,69,4643,59,Churn,52.95797017953318
488,528,53302,1,0,0,82120,0,4,2,11,53,29,2,1,13,35,1,20,418,28,Stay,43.552067119495234
489,457,23150,2,0,1,21988,0,4,2,11,107,20,17,1,9,62,1,163,3575,10,Stay,48.44816034808852
490,521,68247,1,1,0,133745,1,2,1,8,117,16,10,3,34,23,2,141,2878,45,Churn,57.27300289382199
491,400,4853,2,0,1,130041,1,3,2,3,14,17,14,3,7,61,2,47,3158,1,Churn,74.5103537166531
492,638,94613,4,0,0,148467,1,1,2,14,78,16,19,3,1,45,1,105,4234,34,Churn,77.40406454275778
493,689,89399,4,1,1,147400,1,3,3,10,40,19,4,2,12,17,1,101,1702,3,Churn,71.89940743105626
494,495,21792,4,1,0,34256,0,3,2,6,54,8,11,3,21,49,1,41,2356,9,Stay,47.379646406948446
495,525,59129,4,1,0,138490,1,4,1,7,18,38,3,2,11,95,2,60,929,5,Churn,65.11213795504915
496,517,74478,2,0,1,107728,1,1,2,10,115,38,14,1,14,31,1,95,955,42,Churn,75.47838037361136
497,447,67298,3,0,1,146155,1,3,1,1,41,29,8,1,34,25,2,166,2748,10,Churn,75.49983750198444
498,488,31987,2,0,1,48230,1,3,3,14,42,41,6,2,34,69,1,108,1958,12,Churn,75.8503359553526
499,636,15850,1,1,1,125466,1,1,1,6,76,36,9,2,25,69,2,197,1202,18,Churn,58.958607005809924
500,772,12112,4,0,1,79778,1,4,2,7,39,26,12,2,4,19,1,78,2581,58,Churn,70.84175900531739
501,784,24058,4,0,1,65833,1,3,3,6,85,31,7,2,26,34,2,88,1920,21,Churn,71.14780934699297
502,671,45420,1,1,0,42625,0,2,2,4,38,44,11,3,16,40,1,181,2179,21,Stay,47.71302085445395
503,588,38890,2,1,1,52088,1,3,3,1,12,12,18,1,10,30,1,186,3258,1,Churn,77.19018425788325
504,591,66017,3,1,0,99650,1,2,3,11,99,17,0,3,2,90,1,142,2540,3,Churn,65.6015375141483
505,468,47304,3,1,0,61167,1,4,2,9,66,15,15,2,35,42,1,93,3784,5,Churn,68.72931963276636
506,677,32921,1,1,1,123937,1,3,2,4,39,9,16,3,19,40,2,26,1355,25,Churn,57.34991588107676
507,748,1524,3,0,0,91291,0,1,3,7,18,39,17,3,6,99,2,120,3057,58,Churn,50.932942655814614
508,646,15048,2,1,1,85303,0,1,3,7,35,42,10,1,19,30,2,130,3751,49,Churn,51.15837513907368
509,475,35111,2,0,1,96361,0,3,2,2,11,48,17,3,8,45,2,199,2339,8,Churn,52.43643463901751
510,553,37904,1,0,0,108229,0,4,1,1,71,12,6,1,14,74,2,71,2039,17,Stay,42.23660125231381
511,543,54912,2,1,0,24117,0,4,2,8,12,32,17,2,10,13,1,43,369,9,Stay,46.630111891811495
512,485,34008,4,1,1,110265,0,1,3,8,55,25,7,3,3,77,2,45,4930,32,Stay,47.0136390007464
513,584,60,1,1,1,148938,1,3,2,7,77,39,5,2,29,99,2,144,4164,6,Churn,53.704035494792656
514,684,74666,2,0,0,117718,0,4,1,14,34,18,6,1,15,13,2,109,3875,49,Stay,43.588716020805826
515,619,83559,1,1,0,80710,0,1,2,8,60,15,9,2,23,18,2,141,1212,40,Churn,50.71760179354583
516,468,55337,3,1,0,114426,1,2,3,3,22,32,10,2,23,39,1,29,748,21,Churn,67.76854124838603
517,446,13350,2,1,0,114876,0,3,2,11,112,6,12,1,18,54,1,36,1279,7,Stay,43.62498829721077
518,493,24354,4,1,1,87054,1,2,3,2,53,44,8,2,19,13,1,21,2242,7,Churn,76.73712433142127
519,637,45186,2,1,1,50949,1,2,3,7,44,43,6,2,28,78,1,131,116,47,Churn,70.43014740257709
520,603,28145,1,0,1,42547,0,4,2,8,64,35,8,2,26,32,2,46,216,39,Stay,45.979680852151986
521,799,34020,1,0,1,101882,1,4,3,1,96,34,12,3,10,25,2,90,1645,54,Churn,66.91645939471678
522,617,86123,2,0,0,88136,0,4,3,12,18,38,2,2,4,31,1,195,3251,27,Stay,49.33055198582325
523,740,75186,4,1,0,131541,0,3,1,10,11,5,2,1,2,81,1,137,2793,8,Stay,37.48479767031823
524,438,85469,4,1,1,136883,1,2,1,9,70,18,0,3,3,57,2,28,4189,9,Churn,66.85743015290775
525,499,20581,4,1,1,84619,1,3,1,13,50,16,19,3,7,71,2,105,1376,28,Churn,72.66580633058724
526,688,88929,1,0,1,81842,0,4,1,11,53,8,1,1,16,69,1,42,3340,15,Stay,44.77779360519218
527,653,23051,2,1,1,114803,1,2,3,4,73,25,2,2,31,89,1,92,3888,2,Churn,70.99829524256293
528,621,51474,3,1,1,121858,1,3,2,14,40,32,14,3,10,14,1,46,471,7,Churn,75.22562514873334
529,756,91748,1,1,1,46990,0,3,3,12,117,26,5,3,19,89,1,112,2907,47,Stay,49.56028791372813
530,422,69626,4,0,1,36193,0,1,3,14,56,22,12,3,28,16,2,100,255,18,Churn,53.79895023082629
531,649,6960,2,1,1,50109,1,3,3,4,11,31,0,2,17,60,2,103,2761,22,Churn,70.80775715846092
532,409,35772,4,0,1,39233,0,4,2,3,105,43,19,3,28,74,2,62,564,50,Stay,47.23812105497596
533,645,21520,3,1,0,133557,0,3,1,6,91,10,18,1,19,18,1,26,4978,10,Stay,41.792897995142894
534,724,49481,4,0,1,101730,0,2,3,1,86,12,0,2,23,91,2,111,4999,54,Churn,50.04701286917512
535,499,36408,4,0,0,148133,0,3,3,6,119,28,1,1,20,54,2,102,4415,50,Stay,49.796366985924415
536,689,94006,3,0,0,54510,0,1,1,2,78,6,14,1,13,56,1,103,1873,33,Stay,46.7878629967709
537,579,57134,2,1,1,21306,0,2,3,9,67,20,13,3,13,76,1,63,216,7,Churn,51.88448199030514
538,622,20491,1,1,1,23849,0,2,2,2,115,5,18,3,11,33,1,186,2203,3,Churn,51.817219994152396
539,793,1341,2,0,0,32360,1,1,3,7,53,23,10,3,15,19,1,59,1474,14,Churn,82.99584725768521
540,649,44623,3,0,0,131072,0,4,3,12,83,9,14,1,17,82,1,154,3303,44,Stay,49.08336209859767
541,546,90327,4,1,1,142207,1,2,1,1,65,29,5,2,28,86,1,44,4503,46,Churn,79.68092881744528
542,495,338,2,1,0,114767,1,4,3,12,52,16,19,3,19,57,2,78,3646,36,Churn,73.46462841218701
543,656,71431,1,0,1,65800,1,2,3,7,98,46,8,3,4,44,2,160,4077,13,Churn,60.538756965150334
544,724,12254,3,1,1,148442,0,2,2,5,43,22,4,1,22,63,2,122,4417,16,Stay,47.743571209943916
545,403,51860,2,1,1,56963,0,4,1,8,110,8,19,2,22,96,2,105,1296,16,Stay,49.2033707620272
546,415,11344,1,1,0,74330,1,2,1,4,39,20,1,1,34,90,2,131,3511,54,Churn,52.04209696462425
547,679,1750,3,1,0,71707,0,4,2,12,80,14,5,3,33,80,2,105,896,5,Stay,48.614780735559755
548,735,54756,1,0,1,38689,1,1,3,10,79,39,17,1,33,25,1,117,3992,52,Churn,63.401094975833274
549,646,67957,3,1,0,49084,0,4,1,7,64,37,18,3,12,62,1,81,250,25,Stay,44.997042770482274
550,657,58053,4,1,0,60387,0,1,1,6,76,34,8,2,2,49,1,27,3349,38,Stay,41.26571207804935
551,783,70855,2,0,0,94816,1,2,3,5,22,11,5,1,28,29,2,132,211,38,Churn,71.49247730730525
552,559,15896,1,0,0,22642,1,4,3,4,12,40,13,3,10,97,2,192,782,50,Churn,61.16042455597424
553,739,55761,3,1,0,62137,1,2,1,7,35,33,12,3,22,78,1,165,1261,38,Churn,72.28176942049066
554,551,62552,1,1,0,99832,0,4,3,12,66,31,10,3,17,54,1,79,2479,39,Stay,47.93418270304532
555,795,77454,1,1,0,75561,1,1,1,5,33,44,11,3,26,15,1,79,260,56,Churn,63.10830437228972
556,577,90600,2,1,1,82260,0,1,3,5,62,34,18,1,3,78,1,125,1525,56,Stay,41.65185729439503
557,562,27935,4,0,0,35438,0,4,3,1,79,7,18,3,7,58,1,21,3761,48,Churn,54.17365418818099
558,779,37641,1,0,0,68442,0,1,2,2,52,49,18,1,8,48,2,110,377,41,Stay,48.95163749628601
559,432,29711,3,0,0,123061,1,2,3,5,69,23,12,3,20,11,2,33,3491,26,Churn,74.97966830488225
560,578,70342,3,1,0,22994,1,2,2,13,67,46,13,1,12,48,2,67,1656,59,Churn,61.64048806495991
561,500,12182,4,1,0,143439,1,3,3,3,58,7,17,1,35,30,1,122,4692,13,Churn,67.30585540188059
562,667,87833,3,1,0,145844,0,1,1,14,51,25,11,3,17,49,2,75,2015,44,Stay,47.953169342488344
563,722,56276,4,1,0,133530,0,2,1,13,85,3,3,3,28,91,1,31,4850,51,Stay,44.70505652032542
564,464,19541,3,0,0,119575,1,4,3,2,109,38,9,3,10,63,2,74,3207,26,Churn,81.13150360753963
565,567,94457,2,0,1,21813,0,1,3,14,75,20,16,3,22,21,1,175,402,55,Churn,55.48791405657094
566,729,82310,1,1,0,113027,0,2,1,14,20,34,3,2,33,90,1,129,4633,55,Stay,45.75034300105714
567,442,44813,2,0,0,143489,1,1,3,4,112,49,11,3,22,46,2,23,2873,1,Churn,82.86361089970427
568,443,37198,1,1,0,104381,1,4,2,4,107,44,12,3,13,47,2,55,4381,8,Churn,56.699396955101214
569,684,8820,1,1,0,138808,1,2,2,4,99,44,3,3,27,24,2,197,3345,4,Churn,53.868148300707574
570,796,24070,1,0,1,75276,0,3,2,4,27,30,9,1,15,16,2,150,4868,21,Stay,45.98278998766697
571,411,69768,2,1,1,61243,0,3,2,3,94,17,2,3,22,87,2,20,1100,22,Churn,50.51651928108279
572,494,11122,1,1,1,82912,0,1,2,13,109,10,14,1,30,59,1,36,3934,51,Stay,47.544360493633015
573,701,80559,2,0,1,80272,0,4,3,12,113,35,1,1,34,74,2,81,4106,53,Churn,51.95411691710419
574,785,73543,4,1,1,122700,0,2,3,7,61,20,16,1,34,76,2,67,4878,58,Stay,49.346953453131206
575,652,83441,3,1,1,62051,1,4,2,9,55,18,5,1,35,53,1,81,1818,37,Churn,66.14920667592537
576,641,41786,3,0,1,98854,0,2,3,12,53,45,7,2,19,40,2,88,3930,49,Churn,51.163481670093624
577,434,94934,1,1,1,102736,0,1,3,5,31,44,2,3,8,52,1,166,3281,3,Stay,49.62058941932746
578,614,99804,2,0,1,141992,0,2,2,4,62,27,17,1,33,86,2,122,2982,19,Stay,47.896798911430835
579,736,6737,3,1,1,142019,1,4,3,11,68,49,0,3,28,57,2,129,1098,1,Churn,72.70670455219806
580,489,36062,2,0,1,85618,1,4,3,2,103,36,15,1,25,91,1,181,384,29,Churn,79.36071265505991
581,663,54237,2,0,1,21920,1,1,3,2,116,23,6,2,17,90,2,196,520,23,Churn,83.1329466608977
582,492,51571,1,0,1,126121,0,4,2,5,39,32,2,1,24,90,2,194,2260,33,Stay,44.52416402690948
583,489,25510,3,1,1,97219,1,2,3,7,17,10,3,3,21,70,2,110,3165,55,Churn,71.74588177292041
584,514,19426,1,0,1,96872,1,1,1,10,107,11,8,3,2,84,2,133,2375,52,Churn,60.934955181856274
585,504,37265,1,0,1,101132,1,2,1,10,66,38,4,2,31,93,1,197,1594,41,Churn,58.90314051043028
586,790,17850,3,0,0,22093,0,4,2,9,82,6,18,3,33,19,1,108,3984,23,Stay,45.15123761324856
587,595,66150,3,0,1,32905,1,1,1,13,29,41,14,3,30,38,2,173,4723,5,Churn,76.73751727251927
588,713,87312,4,0,0,141759,0,2,2,7,113,47,7,1,12,57,2,75,2643,7,Stay,43.48141952697938
589,513,89613,4,1,1,44351,0,4,1,5,34,34,5,3,12,90,1,97,4226,57,Stay,48.220496586297365
590,474,74910,2,1,1,50981,1,4,1,10,28,36,17,1,24,71,1,33,4357,58,Churn,67.9823594634827
591,775,52375,3,1,0,93903,0,3,1,10,14,37,18,2,24,22,2,44,1941,6,Stay,46.04181549027498
592,616,35435,4,1,1,90821,1,4,2,10,84,17,14,3,11,53,1,151,4900,49,Churn,75.22562514873334
593,676,96443,2,1,0,129200,0,2,2,6,88,40,6,1,13,56,1,51,821,22,Stay,43.275225958659156
594,648,57132,2,1,0,123241,1,1,3,11,81,40,9,3,27,73,1,101,1501,49,Churn,78.64874599927623
595,563,78945,2,1,0,102289,1,3,2,12,92,12,5,1,8,62,1,97,545,13,Churn,65.8778624126792
596,793,82050,4,0,1,136506,1,4,1,3,96,21,13,2,10,99,2,125,2891,12,Churn,67.92678301987762
597,756,95402,3,1,1,104021,0,4,1,5,36,40,16,1,8,86,1,39,4622,4,Stay,44.769900353209735
598,591,2983,1,0,1,98513,1,4,2,8,49,19,8,3,20,85,2,93,3867,8,Churn,55.363428046198
599,626,97241,2,0,0,39874,0,2,2,1,105,3,18,1,8,53,2,29,2651,37,Stay,46.74250728013447
600,576,20662,4,1,0,70931,1,3,2,12,35,18,4,3,9,37,1,142,2067,31,Churn,73.66695118576116
601,498,23510,4,0,1,27674,0,2,3,1,36,19,6,2,7,11,2,53,3988,37,Churn,52.22053957298179
602,435,78187,1,0,1,70516,0,3,1,7,71,47,18,1,14,66,2,174,4916,45,Stay,44.30464551015497
603,495,40998,1,0,1,141982,1,1,3,14,92,6,19,3,28,66,1,59,2831,26,Churn,69.11236713023932
604,551,56846,4,0,1,148408,1,2,3,5,59,16,6,3,2,43,1,146,2729,43,Churn,74.11333786943088
605,550,94071,3,1,1,114574,1,2,1,14,51,8,1,3,8,96,1,52,2064,8,Churn,75.15717128758855
606,589,6640,1,1,0,80686,1,1,1,5,38,48,15,1,13,67,2,90,1157,40,Churn,55.58192998947862
607,623,44547,4,1,0,114851,1,3,2,1,48,18,12,1,21,61,2,156,4931,33,Churn,74.62062197361205
608,436,54620,1,1,0,89212,0,4,2,9,69,48,7,1,28,38,2,163,857,45,Stay,46.01817550147457
609,667,15317,3,1,1,22426,1,1,3,1,50,43,5,2,35,44,2,152,1895,29,Churn,83.50054978455879
610,768,7564,2,1,0,142952,1,4,2,5,42,39,5,3,23,84,1,117,1743,5,Churn,73.66695118576116
611,582,27345,1,1,0,110009,0,4,2,10,92,49,8,3,15,57,2,143,4949,28,Stay,49.3795955846209
612,412,94223,3,1,0,88498,1,1,1,9,110,49,3,2,2,42,1,170,123,53,Churn,67.27907030579391
613,678,79273,4,1,0,49943,1,3,1,14,92,12,10,2,12,84,1,62,1339,40,Churn,68.21410302259942
614,616,74859,1,1,0,86395,0,4,2,4,106,45,4,1,3,82,1,133,4250,17,Stay,38.321635981893046
615,754,80765,1,0,1,64816,1,1,1,13,25,10,16,1,5,87,1,108,3197,55,Churn,62.801944818388435
616,760,74038,4,1,0,24138,1,2,2,8,32,7,19,1,3,18,2,198,1404,23,Churn,56.997053759385764
617,685,52393,2,0,1,120728,1,2,1,6,16,46,6,1,19,57,1,32,2642,45,Churn,72.13433254225579
618,672,66081,4,0,1,111176,0,2,1,11,35,1,14,1,2,76,2,147,3812,9,Stay,41.78231881018953
619,768,29430,1,0,1,95945,1,1,1,3,105,49,14,1,17,92,1,171,4055,2,Churn,62.801944818388435
620,461,75532,4,0,1,24017,0,2,1,4,21,36,13,2,14,45,1,158,4629,32,Stay,44.601422512716475
621,483,27788,3,1,1,30451,1,4,2,2,81,21,12,2,28,80,1,71,4403,51,Churn,76.66515077875981
622,767,95505,4,0,0,82956,0,2,3,1,14,37,10,2,27,53,2,36,4328,52,Stay,49.7720332011106
623,616,48543,1,1,0,113863,1,2,1,13,115,24,12,3,10,91,1,184,1405,49,Churn,60.00674442651034
624,741,13919,4,1,1,30278,0,4,2,14,101,25,8,3,3,69,1,32,4564,31,Stay,42.66744350590964
625,796,69346,2,0,1,110480,0,2,2,8,78,7,9,1,25,72,1,103,3274,7,Stay,48.19948244374097
626,586,96122,4,1,1,63764,0,4,1,1,58,42,3,2,22,14,1,116,3728,30,Churn,50.214440833785844
627,418,39974,2,0,0,143030,0,2,3,14,35,17,16,3,30,96,2,125,881,58,Churn,50.37595400596713
628,576,16371,3,0,1,21134,0,4,1,13,14,29,13,3,21,95,2,115,666,3,Stay,44.91626470247042
629,499,45084,2,1,0,82943,0,2,2,11,31,30,17,2,30,99,1,27,4722,51,Stay,46.32518898283858
630,795,29629,4,1,1,115667,1,4,3,1,88,7,10,3,28,85,1,75,4232,51,Churn,82.883514456406
631,632,51184,1,0,0,74318,1,1,2,4,22,33,15,3,31,49,2,123,4373,56,Churn,60.96479548070791
632,475,61916,2,1,1,123423,0,4,1,10,37,7,0,2,26,28,2,102,738,9,Stay,43.94712411079178
633,664,73972,3,1,0,123998,0,2,3,12,42,24,6,3,22,56,2,63,3800,10,Stay,49.80471805955043
634,683,62187,2,1,1,80128,0,2,2,10,116,11,9,2,21,74,1,122,4267,46,Stay,49.652232848742294
635,605,12984,2,0,0,108056,0,3,2,6,32,9,8,3,1,76,2,131,2499,50,Stay,44.72837283173499
636,622,33039,2,0,0,41869,1,4,2,9,106,12,2,2,13,27,1,188,2770,58,Churn,73.07392885703415
637,783,85431,3,1,0,122468,0,1,1,1,116,35,13,3,21,59,2,168,1272,47,Churn,53.133188621791504
638,451,83691,4,1,0,137034,1,4,3,7,27,4,14,3,9,39,2,61,1820,26,Churn,73.46462841218701
639,738,58606,2,1,0,25039,1,4,1,10,39,36,1,2,17,75,1,176,204,1,Churn,72.19753175552762
640,766,10616,2,1,0,41281,0,1,1,11,35,28,13,3,21,14,2,164,1782,30,Stay,47.953169342488344
641,543,50072,1,1,0,132935,0,4,1,5,25,13,15,2,31,51,1,49,4416,57,Stay,45.82076334037907
642,772,24574,3,0,1,30442,1,1,3,12,86,23,6,2,22,93,2,45,1949,38,Churn,77.69818548108444
643,468,3430,2,1,1,93788,1,1,1,8,48,19,3,3,12,14,1,144,962,15,Churn,75.84182762245702
644,498,12676,3,0,1,139729,0,4,1,14,42,42,17,1,6,59,2,38,3545,25,Stay,44.6865321166666
645,795,10816,2,1,1,47586,0,4,1,7,35,37,4,3,16,94,2,72,2665,6,Stay,49.51540055817906
646,424,32733,4,0,1,73053,0,2,1,4,57,39,5,1,26,67,1,104,398,18,Stay,44.78439741042472
647,778,85680,4,1,0,70489,1,2,2,4,74,24,6,1,5,88,1,36,3008,1,Churn,64.84792962232999
648,452,2050,2,0,0,103104,1,3,1,6,47,16,14,3,9,93,1,193,4237,56,Churn,77.3843734715285
649,550,33933,4,1,0,106346,0,3,2,6,11,33,0,1,14,17,1,123,870,3,Stay,40.821559238266545
650,543,24951,2,0,0,87087,1,4,1,9,15,12,3,2,30,40,2,124,2639,17,Churn,69.32761678441942
651,456,32413,4,0,0,32625,1,1,3,12,55,34,0,2,26,21,2,123,1562,48,Churn,75.15747110507107
652,438,34801,1,0,1,54397,0,3,2,5,59,7,10,1,29,30,2,192,3954,8,Stay,45.98278998766697
653,508,55619,1,0,1,78671,0,4,2,8,47,11,17,2,19,71,2,196,3218,49,Stay,45.979680852151986
654,580,32913,1,0,1,136214,1,3,2,5,115,31,13,3,8,99,2,166,2232,40,Churn,55.363428046198
655,441,40600,3,0,1,111785,1,1,2,2,97,29,10,2,23,42,2,143,1809,17,Churn,79.22099541024195
656,585,57775,3,1,0,86897,0,4,3,6,27,13,9,1,35,35,1,100,1090,25,Stay,45.209718916632376
657,797,90816,1,0,0,46149,0,1,1,9,36,31,16,3,31,99,2,56,810,41,Stay,46.082488794074436
658,622,90093,3,1,0,80030,0,4,2,13,50,2,3,2,35,49,2,140,4404,12,Stay,45.344408144457695
659,521,35400,4,1,1,89906,0,3,3,3,81,39,14,3,32,74,1,89,138,29,Churn,52.24195696986952
660,532,4494,2,1,0,25283,0,2,2,1,101,15,15,1,5,68,2,173,1375,25,Stay,47.37767223908673
661,562,80688,2,1,1,27610,1,3,1,1,83,11,12,2,16,24,2,149,4957,51,Churn,78.00551089604653
662,614,89431,2,1,0,63326,1,3,2,13,26,34,8,3,17,10,2,78,1536,36,Churn,72.19450502143603
663,620,74691,1,0,0,34924,1,2,3,3,71,39,10,3,32,20,1,137,3093,53,Churn,65.97377743965502
664,634,97419,3,0,1,133143,1,2,1,10,38,4,10,2,32,64,1,152,1569,54,Churn,70.20722785210745
665,730,43001,4,0,0,130253,0,4,3,5,67,11,5,3,20,11,2,56,2199,25,Stay,49.4003655827537
666,545,67364,4,1,0,96162,0,4,1,3,79,29,0,3,2,74,1,50,473,29,Stay,39.01999515903608
667,638,45028,1,0,1,120297,0,1,1,9,87,2,5,1,20,53,2,118,4351,11,Stay,44.6615005493911
668,475,97659,4,0,0,20869,1,1,1,8,31,16,12,1,18,25,2,113,4125,4,Churn,74.67412090930978
669,408,37573,4,0,1,117088,1,3,2,3,15,39,4,1,1,31,2,195,1213,14,Churn,64.11541386992914
670,473,806,4,0,0,21014,1,2,3,9,35,13,14,1,29,27,1,25,2826,46,Churn,73.00561114889145
671,652,56638,4,0,0,30103,0,1,3,13,48,37,17,1,29,56,2,34,2498,38,Churn,50.2504436162988
672,629,29757,3,1,0,102522,1,3,3,6,21,17,19,1,19,90,2,162,3334,17,Churn,65.6163243444979
673,406,34636,4,0,0,130317,0,2,1,13,108,21,13,2,6,39,2,35,1365,2,Stay,41.358615719288636
674,573,80097,2,1,0,116007,0,4,2,7,23,44,14,1,8,19,2,39,3223,8,Stay,44.958228500644736
675,540,48280,1,1,0,53458,0,3,1,4,31,19,4,3,24,67,2,96,753,36,Stay,47.50850153959829
676,567,24262,3,1,0,110605,0,4,3,4,60,7,3,2,20,71,1,63,4258,10,Stay,46.630111891811495
677,569,80435,4,1,0,102409,0,1,2,12,32,38,1,3,14,94,2,189,608,7,Stay,49.576604900637065
678,792,62211,3,1,1,43248,0,1,2,13,57,8,6,1,5,89,1,65,2439,36,Stay,47.99355401062576
679,682,54842,4,0,1,109160,1,2,2,2,80,13,9,1,34,15,2,114,3262,16,Churn,70.39376515742401
680,521,56979,2,0,0,63516,0,3,3,5,113,37,15,3,16,76,1,181,1787,14,Churn,51.55496524135786
681,593,81470,1,0,0,49061,0,4,2,8,59,2,9,3,7,50,2,83,1488,16,Stay,43.92411238440593
682,404,38197,4,1,1,44170,1,2,2,7,98,41,17,3,16,52,2,176,2297,25,Churn,71.74588177292041
683,428,41844,4,0,0,28024,0,1,1,7,22,11,16,2,7,94,1,150,4011,41,Stay,43.06575534168401
684,564,64754,4,0,0,102214,1,1,1,6,94,24,12,1,27,86,1,28,3028,4,Churn,75.57084163026168
685,738,34157,4,1,1,123792,1,3,2,3,114,6,0,3,14,27,2,172,4899,29,Churn,70.23277404532752
686,535,77129,1,1,0,105947,1,4,2,5,19,26,0,1,14,67,1,61,615,56,Stay,47.07242727273642
687,764,40042,1,1,0,63803,0,3,1,13,64,7,14,3,33,69,1,193,3758,6,Stay,45.9984060418039
688,720,61665,2,1,1,39296,0,4,1,1,18,39,0,1,33,97,2,92,1933,1,Stay,47.64316176826723
689,741,82856,1,0,0,111829,1,4,1,7,88,19,5,2,20,36,2,103,129,39,Churn,54.025942353523725
690,544,27376,4,1,0,112708,0,3,3,9,61,6,12,1,7,77,2,78,3314,1,Stay,46.76963819157889
691,726,55554,2,1,1,106664,0,2,3,1,11,43,0,3,32,31,2,40,425,51,Churn,53.031361761559836
692,616,14199,2,0,0,38257,1,3,1,13,34,29,4,1,3,33,2,169,3866,40,Churn,69.96383643419784
693,700,81412,2,0,1,32855,1,3,2,2,22,43,8,2,29,49,1,176,4211,57,Churn,77.6987911618798
694,531,50948,4,1,0,105178,0,1,1,3,107,39,16,2,24,83,2,82,210,3,Stay,47.62433218309645
695,691,73781,3,0,0,149876,1,1,3,3,60,2,15,1,22,75,1,92,206,1,Churn,82.13873773364814
696,469,72750,4,1,1,121121,1,3,2,8,67,19,7,3,6,49,2,80,2526,1,Churn,74.39589186790178
697,651,66262,1,1,1,143324,1,3,3,7,43,4,16,2,24,15,2,83,4478,39,Churn,55.29577533165004
698,674,46600,1,0,0,40025,0,1,2,6,44,6,14,2,23,27,1,88,4464,21,Stay,47.668593574738786
699,763,76898,4,0,1,24458,0,4,3,10,111,49,0,1,10,90,2,187,2631,45,Stay,47.29635024554253
700,581,62483,4,1,1,83610,0,3,2,10,12,37,11,2,16,96,1,148,3244,30,Stay,49.865623847192346
701,566,18297,2,1,0,90843,1,2,2,11,115,28,4,2,11,39,1,125,4793,32,Churn,66.35065377607032
702,490,30448,4,1,0,127237,0,2,2,4,68,30,5,3,32,30,1,84,898,33,Stay,46.86526927022119
703,601,26172,2,0,0,103961,1,2,2,9,79,7,0,3,6,71,2,141,2537,48,Churn,66.67254759533822
704,745,42874,1,1,1,69831,0,3,3,1,57,9,0,3,24,19,2,81,2111,22,Churn,50.44715988993291
705,418,7657,2,1,1,63427,0,4,3,11,73,25,9,1,33,22,2,122,525,30,Stay,49.48722340070971
706,438,84386,4,1,1,113809,1,4,2,2,28,33,9,2,12,85,2,79,3144,54,Churn,74.85382839071438
707,525,25425,1,1,1,58506,0,1,2,14,76,1,2,1,27,18,2,65,3388,46,Stay,43.00217589247827
708,572,26685,3,1,0,25668,1,3,3,4,91,6,16,2,18,77,2,24,3014,4,Churn,68.51008067543144
709,540,24578,2,0,1,111470,0,4,2,3,112,18,18,2,13,48,1,132,1339,23,Stay,48.54928705158885
710,641,28831,1,1,0,67195,0,3,2,1,82,10,10,2,30,33,2,169,3491,55,Churn,51.38021423974778
711,619,7906,2,1,1,93233,1,1,2,5,85,28,17,3,13,43,2,89,4313,44,Churn,79.12529882373653
712,525,61413,1,1,0,44417,1,1,1,7,14,11,1,1,34,70,2,179,4097,25,Churn,56.99998929181525
713,457,54028,1,1,0,101982,1,1,2,2,76,33,8,1,30,50,2,30,3106,12,Churn,61.6993958523426
714,547,7287,2,0,0,126133,0,2,1,5,20,1,16,2,25,14,1,157,3139,17,Stay,43.49925769756031
715,716,33660,3,0,1,30751,0,3,2,6,103,13,13,1,2,88,1,186,698,53,Stay,43.66721788899831
716,782,75758,1,0,0,66218,0,1,3,11,77,37,3,3,18,59,1,117,2187,15,Stay,49.633147993489416
717,760,60504,1,1,0,146649,1,3,1,7,78,20,16,1,5,13,1,50,1284,10,Churn,54.59517984724486
718,400,59720,1,1,1,27352,1,2,1,1,10,1,16,2,19,60,1,31,2850,35,Churn,72.07503769186611
719,786,34701,3,0,0,99052,1,2,2,7,100,3,11,3,18,61,2,127,2684,55,Churn,71.19641835585018
720,747,83300,3,0,1,108835,0,1,2,4,101,18,19,3,32,48,1,99,4859,52,Stay,49.09069726729282
721,589,17674,4,0,1,117493,0,1,1,8,72,41,17,2,21,17,1,185,3613,52,Stay,46.20043535900952
722,590,83560,2,1,0,48927,1,4,3,13,38,14,2,1,10,54,2,86,4845,29,Churn,66.23048661602968
723,768,23874,3,1,0,61094,0,3,3,4,91,31,10,2,22,97,2,71,4154,12,Stay,49.61598103262243
724,711,43642,2,0,1,121948,1,1,2,6,21,27,17,1,13,37,1,152,4483,1,Churn,76.50878780433942
725,516,97820,4,0,0,74122,0,4,3,9,86,17,3,1,17,36,2,158,4036,1,Stay,47.427907344885796
726,533,65160,2,0,1,49493,0,3,3,5,50,46,16,3,9,74,2,44,1799,10,Churn,53.64832657201508
727,457,17602,3,1,1,112247,1,1,2,14,11,29,17,2,24,43,1,54,4607,18,Churn,75.57180939367531
728,443,88801,2,1,1,93539,0,4,3,12,46,36,4,3,14,90,2,182,2675,47,Churn,53.303361366337064
729,572,25931,3,1,0,51707,0,4,2,4,54,37,13,2,8,71,1,41,235,2,Stay,46.630111891811495
730,559,94377,2,0,1,88814,1,3,1,8,89,26,9,2,19,71,1,184,2125,49,Churn,72.92208706096697
731,572,29192,3,0,0,27296,1,4,2,13,57,17,14,3,28,47,2,115,3635,8,Churn,73.26029653403177
732,716,46542,3,1,0,45398,0,3,1,9,33,22,0,2,30,35,1,136,4954,22,Stay,40.68232682792671
733,702,42520,2,0,0,55842,1,3,1,4,108,25,15,2,7,33,1,39,2990,22,Churn,73.42386953156377
734,548,64772,4,1,0,33261,0,3,3,3,31,2,10,1,26,48,2,125,2857,26,Stay,47.16259586454423
735,479,58762,1,0,1,96709,1,2,3,8,109,22,19,2,11,30,2,23,3873,26,Churn,56.93261440419835
736,773,50106,4,0,0,115985,0,4,3,14,20,5,5,2,14,56,2,37,480,9,Stay,48.481921800614124
737,612,81121,2,0,1,126616,0,3,2,5,67,4,15,3,21,57,2,70,1628,21,Stay,48.84039365560533
738,602,25559,4,0,1,76704,1,1,3,2,55,36,1,3,8,22,1,39,4671,31,Churn,83.22608585815978
739,651,33742,3,1,0,87173,0,2,1,10,38,6,0,2,3,12,2,141,3728,52,Stay,37.428466034188354
740,628,69669,1,0,1,51781,0,2,3,9,44,21,8,1,28,41,2,156,948,43,Churn,50.708081717789874
741,563,80199,2,1,1,33652,1,4,3,3,24,13,11,1,29,44,1,99,4227,6,Churn,67.57143388633503
742,626,21754,2,1,0,25103,1,3,2,12,69,37,16,3,23,28,1,173,2027,56,Churn,73.66695118576116
743,546,3972,2,1,1,45500,0,4,2,2,104,25,14,2,18,23,1,121,2265,14,Churn,51.2207992125306
744,419,70831,1,0,1,135332,1,2,1,1,51,26,18,2,35,57,1,44,4386,33,Churn,66.00010093463608
745,446,41873,3,1,1,120336,1,3,2,14,114,39,9,1,13,95,2,188,2221,7,Churn,63.55261290076374
746,632,94661,2,1,1,55529,0,1,3,8,52,20,11,1,12,90,2,78,4818,24,Churn,51.15837513907368
747,704,9903,4,1,0,133499,0,3,2,11,89,33,13,1,5,77,1,64,3018,9,Stay,43.62498829721077
748,413,3020,2,0,1,38452,1,2,1,3,83,14,8,3,11,54,1,60,4781,11,Churn,75.97489469162615
749,542,41755,2,0,1,69393,1,1,3,7,58,36,12,2,11,28,1,57,572,56,Churn,80.09516207230392
750,400,85956,2,1,1,51174,1,3,1,1,73,17,2,3,31,73,1,136,1887,23,Churn,82.30948045813278
751,772,86988,2,0,1,84450,0,1,2,1,41,21,13,2,31,75,2,38,213,48,Churn,51.504223914666504
752,453,45648,3,1,0,55436,0,1,2,12,73,46,9,3,13,88,1,33,1436,51,Stay,48.48277995783271
753,773,9516,4,1,1,67406,0,2,1,9,11,16,15,2,14,75,2,146,438,2,Churn,50.72366073986417
754,658,2396,3,0,0,83059,0,1,3,12,33,46,6,1,25,84,1,168,2385,15,Churn,50.16162540136718
755,543,84082,4,1,1,35954,0,4,2,8,96,16,3,1,33,54,2,162,1296,35,Stay,46.284310618888505
756,411,19129,2,0,0,102722,0,2,2,12,75,20,19,1,33,96,2,22,178,36,Stay,45.06510385530989
757,729,1591,1,0,0,139747,0,4,3,13,47,29,10,3,15,83,2,56,4659,52,Stay,48.11674538627796
758,623,11303,3,1,0,32356,1,1,2,3,40,28,15,1,16,76,2,136,2752,54,Churn,70.97671994947947
759,671,30561,1,0,0,148128,1,4,1,6,113,8,19,2,6,78,1,193,4757,28,Churn,59.141633139791125
760,757,71719,3,0,0,118499,0,3,2,11,35,24,3,3,25,12,2,35,4480,39,Stay,43.02657133842857
761,555,92108,2,1,1,22187,0,1,2,3,38,3,16,2,15,47,1,161,4418,44,Churn,51.267983250236085
762,772,99616,3,1,1,97243,0,3,3,13,76,25,12,3,4,86,2,28,2740,4,Churn,53.303361366337064
763,407,86231,2,0,1,55098,1,4,1,12,87,19,10,2,4,51,2,26,1356,10,Churn,69.30897703639835
764,521,7314,3,0,0,112471,0,3,3,4,34,33,2,2,30,92,1,161,927,6,Stay,47.72720052523759
765,747,19623,2,1,1,41225,1,1,2,1,57,2,8,3,34,49,1,153,2818,57,Churn,83.99209164438179
766,563,67675,2,0,0,23606,1,3,2,5,74,15,5,3,27,59,2,34,2910,30,Churn,74.49893234768851
767,489,96826,4,0,0,148664,1,4,3,1,62,22,10,1,31,44,2,199,3485,54,Churn,79.44735571829005
768,535,65082,2,0,1,77620,1,4,3,13,76,10,15,1,32,33,1,91,2065,46,Churn,74.41913253701661
769,585,83624,4,0,1,52828,1,4,3,1,99,18,18,2,9,97,2,181,2527,35,Churn,78.54251585586228
770,715,33130,2,0,0,146270,0,1,1,10,27,22,4,2,8,26,1,123,2941,49,Stay,44.64625948859655
771,577,51756,1,0,0,46489,0,4,2,11,18,46,13,2,14,49,1,148,713,43,Stay,44.67217106267622
772,427,97624,2,0,1,34387,1,1,3,11,47,49,16,3,33,83,1,115,662,10,Churn,83.12013845577283
773,619,26292,1,1,1,89463,0,3,2,14,96,27,2,3,23,75,2,141,4926,58,Stay,49.507387462037464
774,756,86206,1,1,1,91832,1,4,1,7,30,13,3,1,21,53,2,134,4452,53,Stay,48.97961984230706
775,440,69274,2,1,1,115980,1,3,1,12,74,33,15,2,12,32,1,167,284,32,Churn,70.08291686575907
776,627,2469,1,1,0,131926,0,2,1,6,30,5,15,1,2,15,1,99,2292,42,Stay,41.15555572808385
777,591,53947,4,1,1,132429,0,3,1,2,36,26,3,3,13,75,1,26,4165,42,Stay,49.527856249317644
778,544,22534,3,0,1,22591,0,2,2,14,115,13,18,3,4,30,1,154,345,3,Stay,47.46449853078332
779,600,63620,2,0,1,143446,0,3,1,11,79,27,16,3,20,44,2,69,4186,56,Stay,46.509204228833475
780,611,48874,1,0,0,130431,0,1,1,12,53,14,12,1,14,38,1,149,2334,26,Stay,46.06682306467081
781,619,49708,2,0,0,68516,1,3,3,2,109,24,0,3,30,16,2,66,965,15,Churn,78.18383789192637
782,639,74553,4,1,0,111683,0,1,1,11,37,3,11,2,29,62,1,33,2187,17,Stay,45.99841933107455
783,796,68344,2,0,0,82061,0,1,3,7,54,47,3,1,8,46,2,50,700,27,Churn,50.2504436162988
784,445,49138,2,0,1,124425,0,4,1,1,26,49,10,3,12,32,2,69,3133,18,Stay,47.75874749670653
785,434,54302,1,1,0,86736,1,1,1,13,49,30,4,1,26,17,2,60,2156,51,Churn,55.58192998947862
786,652,47638,4,0,1,101257,0,2,3,2,12,35,1,1,2,85,2,33,2231,19,Churn,51.71254419457413
787,789,78249,3,0,1,81753,1,4,1,12,85,48,16,3,14,57,2,152,632,12,Churn,72.81877546735657
788,481,2719,3,1,1,104774,0,4,2,8,112,14,7,3,6,19,1,24,2142,24,Churn,50.63854780199566
789,770,22890,1,0,1,31087,0,3,2,6,85,12,5,1,31,88,1,176,457,5,Stay,46.15387471279288
790,655,77236,2,0,0,50816,1,1,1,14,75,28,8,1,17,33,2,24,477,24,Churn,75.86883767173921
791,596,36509,1,0,0,43408,0,1,2,2,55,44,12,3,25,99,1,132,2319,27,Stay,49.612936757417565
792,702,42534,1,0,0,144116,0,2,3,7,95,29,10,2,32,56,1,137,4588,48,Stay,49.26555686942444
793,409,92241,1,0,1,125276,1,3,1,4,96,43,15,1,12,62,1,115,4897,30,Churn,59.631341636120816
794,711,18787,2,1,1,20136,0,3,1,2,39,17,15,1,13,48,1,55,3407,15,Stay,47.21804613293285
795,685,48845,4,1,1,37413,1,4,3,12,78,40,1,2,19,76,1,98,2696,47,Churn,74.41702400700844
796,641,57932,1,1,1,133650,1,4,3,6,18,49,9,3,25,75,1,38,883,59,Churn,63.17677177541533
797,650,92124,2,1,1,79500,1,4,3,11,94,21,11,3,31,15,1,41,2479,38,Churn,76.4025467584277
798,764,91659,4,1,0,104514,1,2,1,9,20,23,7,2,25,30,2,181,3703,44,Churn,65.61583330767736
799,404,33062,1,1,1,76358,1,2,3,11,78,20,10,3,16,82,1,75,1082,34,Churn,61.797818666012496
800,518,75713,3,0,0,86197,0,4,3,9,108,11,9,3,23,83,1,36,4042,27,Stay,49.95058806662682
801,688,87263,4,1,1,120776,0,3,2,14,100,34,12,1,14,45,1,36,2690,20,Stay,46.580543210589305
802,773,95756,1,1,1,112789,0,2,2,8,75,10,16,1,6,12,2,165,1142,41,Stay,47.43123118938315
803,464,60461,4,0,0,112420,1,3,1,3,97,10,6,1,25,97,2,192,2638,32,Churn,71.29534083919297
804,545,75418,4,0,0,52854,1,3,2,3,40,43,2,2,23,95,1,97,961,4,Churn,71.7922849935066
805,623,66672,4,1,1,96240,1,1,2,2,42,6,19,3,12,87,2,75,1976,5,Churn,82.91104985102528
806,638,34832,4,0,1,124523,1,4,3,5,48,36,12,3,13,51,2,99,1935,53,Churn,75.78974878724438
807,576,31966,4,1,1,149494,0,1,3,14,103,24,18,1,34,54,1,69,4308,58,Stay,49.5973634443084
808,666,72545,4,0,1,110063,0,4,2,12,55,12,6,1,6,53,2,77,3626,8,Stay,46.47382087326527
809,740,12987,1,1,0,36322,1,4,2,14,46,43,8,2,8,42,1,37,1785,22,Churn,55.55353038627834
810,681,37311,3,0,1,133053,1,3,2,4,101,23,18,3,8,69,2,154,3501,42,Churn,72.08338296859313
811,462,31575,2,0,0,26968,0,4,1,7,69,27,12,2,33,95,1,95,1722,7,Stay,43.32061731875683
812,616,63852,4,1,1,47518,1,3,1,4,40,45,7,3,34,92,2,29,2757,22,Churn,72.66580633058724
813,741,1007,2,1,0,71925,1,3,1,9,20,37,17,2,15,92,1,88,2032,46,Churn,68.21410302259942
814,714,70981,1,1,0,79848,1,4,2,12,96,6,1,1,35,79,1,104,607,30,Churn,54.0453263315944
815,682,76242,4,1,1,131900,0,3,2,12,11,1,17,2,22,92,2,150,4661,37,Stay,49.5774027234847
816,576,47517,3,1,0,113422,0,3,1,2,113,6,17,2,23,86,1,102,3578,16,Stay,46.91879053669117
817,497,29257,2,0,1,21700,1,3,1,11,114,22,10,1,22,35,1,128,2756,15,Churn,73.40402183230842
818,504,87272,4,1,0,113782,0,2,2,14,36,41,0,3,5,95,2,63,1221,5,Stay,44.34152543957275
819,498,42207,1,1,1,121004,1,3,3,6,108,24,13,3,31,30,1,161,389,3,Churn,63.17677177541533
820,784,13281,3,0,0,43199,1,2,1,7,11,25,15,1,13,11,1,151,2929,23,Churn,71.97616490396224
821,710,61246,2,0,1,64589,0,2,2,4,112,15,10,2,28,56,2,37,2309,10,Stay,47.95507548464757
822,405,1435,2,1,1,52115,1,3,2,13,110,26,0,2,20,39,1,112,4912,5,Churn,69.07740750161774
823,596,98875,4,0,0,81934,1,3,3,6,30,8,6,2,33,36,2,199,1500,23,Churn,72.47792052361956
824,750,91357,3,0,0,136335,0,2,2,7,67,24,15,3,16,80,1,57,666,15,Stay,44.38533478676246
825,532,26660,3,1,0,140726,1,2,2,4,14,48,13,2,29,29,2,167,1573,18,Churn,64.80263947943149
826,757,5084,3,0,0,74316,1,3,1,8,61,38,14,3,23,59,2,191,2087,25,Churn,73.92680569209894
827,658,82197,3,0,1,25520,1,3,1,9,54,6,13,2,24,32,1,70,3887,8,Churn,71.63602110892305
828,422,13507,1,1,0,129814,0,4,3,1,94,35,10,1,34,22,2,38,3965,31,Stay,48.336923956027306
829,452,72595,3,1,1,56455,1,2,3,7,102,42,15,1,7,90,1,139,3360,21,Churn,65.98386590195476
830,564,83807,2,0,0,135284,0,2,2,9,29,1,18,3,4,13,1,87,3647,2,Stay,49.71965865541379
831,601,45539,2,0,1,106465,1,4,1,12,70,46,16,3,34,23,2,85,3351,22,Churn,74.07062468647007
832,482,7491,1,1,1,143364,1,2,3,10,47,36,5,1,22,29,1,160,1816,8,Churn,52.8074014282729
833,544,50192,2,0,1,61605,1,1,3,5,29,12,10,1,5,22,1,177,1112,23,Churn,78.8661577234748
834,484,80395,2,0,1,34955,1,2,3,12,34,38,16,2,23,12,2,117,1410,32,Churn,71.00101806715521
835,477,63888,3,0,0,64049,0,4,2,2,11,11,8,1,15,99,1,177,4670,8,Stay,47.812625768277236
836,765,73609,2,1,0,33917,0,1,1,10,41,12,17,3,31,99,1,198,717,4,Stay,46.30599377476365
837,400,9077,1,0,1,90293,1,3,3,6,35,42,16,1,9,91,2,107,4836,30,Churn,54.67424831854495
838,450,20953,3,0,0,98581,1,4,1,12,79,39,11,3,25,87,1,195,4357,19,Churn,76.24119272144164
839,572,76919,4,1,0,139072,1,4,3,12,50,7,4,3,25,56,1,52,2082,23,Churn,74.89320553550598
840,604,67889,3,0,1,84925,1,3,3,7,76,11,10,2,21,12,2,124,2328,18,Churn,71.14780934699297
841,659,23821,1,0,0,127216,1,4,1,2,106,36,3,2,9,10,1,93,4920,53,Churn,63.56441716037258
842,768,37567,3,1,0,90269,1,2,1,2,10,31,3,2,22,99,1,101,568,29,Churn,74.05545430031201
843,687,24860,3,1,0,50954,1,3,1,10,60,33,2,2,23,33,2,38,4216,23,Churn,67.15422191102358
844,433,21195,1,1,1,116671,1,4,2,14,14,13,16,1,4,44,1,90,4455,33,Churn,52.32855083278361
845,747,77475,3,1,0,92617,0,3,3,12,22,18,6,2,29,23,1,76,1239,52,Stay,48.23061335125901
846,494,90874,1,0,1,61458,0,3,2,10,28,41,3,1,15,76,2,166,1536,47,Stay,44.39291700456787
847,471,87266,1,0,0,109037,0,3,1,1,21,24,12,2,1,22,2,98,636,18,Stay,41.750244756716135
848,438,21427,4,1,0,41113,1,1,3,4,57,9,11,2,30,56,1,188,1051,54,Churn,74.4321205228256
849,553,27083,2,1,0,119977,1,4,2,7,34,31,0,3,29,59,1,61,2913,44,Churn,68.06361192600647
850,649,87046,2,0,1,132622,1,1,3,14,66,41,18,1,20,87,2,199,3106,33,Churn,77.50006407132969
851,561,57372,3,1,1,145947,0,4,2,9,44,10,19,3,33,94,1,135,4094,7,Churn,50.63854780199566
852,517,44064,3,0,0,110226,1,2,1,3,85,2,17,2,22,35,1,23,1940,51,Churn,71.75251364494434
853,658,7813,4,1,1,63939,0,2,2,12,103,38,10,1,13,12,1,23,950,28,Stay,46.38358693555832
854,778,31598,4,0,0,49345,1,2,3,11,14,15,19,2,7,60,2,24,2071,1,Churn,71.56429498976281
855,705,93106,4,1,1,144616,0,4,3,7,107,3,2,3,8,49,1,60,1291,56,Churn,51.21421544480275
856,667,27082,1,1,1,66313,0,3,3,7,31,43,16,1,28,77,1,127,4020,39,Stay,46.03149377132103
857,453,29241,4,0,0,130107,0,3,3,7,112,31,11,3,9,45,2,106,4728,34,Stay,49.4003655827537
858,635,96214,4,1,0,141866,1,1,1,2,86,6,9,2,25,60,2,123,2162,39,Churn,78.99835500374907
859,788,44569,3,0,0,112365,0,1,2,6,66,3,7,2,16,10,2,136,3146,19,Stay,45.242511724631115
860,621,11745,4,0,0,120598,1,2,1,2,56,11,14,2,10,42,1,120,4499,31,Churn,75.97617529296782
861,650,26029,1,0,1,89166,1,1,1,6,63,15,4,1,11,16,1,94,3658,13,Churn,62.801944818388435
862,712,13025,1,0,1,67861,1,4,1,13,12,45,3,3,31,61,2,94,4611,57,Churn,55.758294851459866
863,511,14288,3,0,1,117406,1,4,3,10,62,28,19,3,12,20,1,32,404,24,Churn,78.67995204559664
864,654,89186,4,1,0,69298,1,1,3,3,93,10,18,2,31,36,1,161,2947,5,Churn,74.4321205228256
865,702,6540,4,1,0,67221,0,1,3,14,40,38,3,3,14,23,1,44,2535,23,Stay,48.48277995783271
866,606,97768,1,0,1,64942,1,1,2,2,78,47,14,1,32,95,1,134,2904,19,Churn,64.31034024151117
867,628,81958,4,1,0,23453,1,1,3,12,97,7,16,2,17,89,2,191,2084,1,Churn,76.03210427113993
868,740,68878,4,0,1,122811,1,2,2,14,113,15,11,2,35,55,2,101,4036,33,Churn,65.44488803379053
869,797,41846,4,1,1,74935,1,2,3,6,42,18,2,2,1,85,1,29,812,59,Churn,72.84050163570845
870,465,75932,2,1,1,142439,1,1,3,2,81,18,9,1,29,19,2,69,2995,50,Churn,78.0165271014584
871,474,17482,3,1,1,63370,0,4,1,5,97,41,14,2,4,33,1,191,1781,56,Stay,47.78018683368298
872,502,23411,2,1,1,123932,0,2,1,2,59,24,9,2,23,70,1,161,1433,33,Churn,51.49813343901927
873,591,50975,3,0,0,28328,1,4,1,3,93,2,17,2,28,27,2,34,3298,32,Churn,72.37962879422548
874,651,60545,1,0,0,35534,0,3,2,3,25,40,0,2,16,95,2,35,274,59,Stay,39.67384696409151
875,625,78797,4,1,0,105280,0,4,2,6,85,20,2,3,12,18,1,21,3305,28,Stay,46.34006807134243
876,693,52307,3,1,1,104925,1,1,3,6,86,34,11,2,21,26,1,177,1516,37,Churn,76.73737094638629
877,705,3093,2,0,1,56320,0,3,2,10,118,43,0,1,17,67,1,49,2087,41,Stay,44.0090453743656
878,497,77258,4,1,1,69170,1,2,3,3,115,26,2,2,13,22,1,101,4953,12,Churn,70.99829524256293
879,737,22042,1,0,1,120546,0,2,2,3,48,7,2,2,32,59,2,50,1872,9,Stay,46.005320147711984
880,685,52930,3,0,0,100201,0,3,2,13,98,38,4,3,15,15,2,96,4366,50,Stay,44.60676411794333
881,734,44413,3,0,0,148935,0,4,2,12,55,30,18,2,12,94,1,167,1174,55,Stay,44.0309549804897
882,746,93623,3,1,1,141006,1,2,1,13,105,42,0,3,15,60,1,196,4860,11,Churn,69.22881853484095
883,707,97883,4,0,1,123401,0,1,2,1,97,5,3,1,34,45,2,133,691,33,Stay,47.906560933981766
884,648,33756,2,1,1,28640,0,3,1,7,56,11,3,3,6,80,1,54,3078,19,Stay,46.62002851981834
885,565,53268,2,0,0,120252,1,1,1,13,53,1,16,2,17,34,2,42,4082,54,Churn,78.10622435592721
886,734,39214,3,1,0,111057,1,3,2,8,18,34,13,1,20,20,1,125,2510,57,Churn,65.8778624126792
887,429,81871,1,1,0,50049,0,2,3,2,113,1,17,2,9,53,2,116,947,42,Stay,46.30426758161667
888,646,28602,1,1,1,25618,1,4,3,4,96,19,0,3,5,23,1,134,593,34,Churn,56.69968397991232
889,505,53331,2,0,1,122540,0,3,3,10,59,2,15,1,23,38,1,119,645,7,Churn,55.996898780715235
890,450,48901,1,0,0,76053,0,3,2,7,86,21,2,1,33,83,1,74,2386,31,Stay,43.552067119495234
891,480,99986,2,1,1,21920,1,1,3,8,69,20,8,3,14,59,2,27,2797,52,Churn,80.16580927229727
892,532,63416,3,1,0,63937,1,2,1,1,105,23,3,3,17,14,2,187,3937,2,Churn,80.12825230465862
893,684,32196,2,1,1,89724,1,1,3,4,24,21,4,1,19,81,1,78,1640,19,Churn,72.88761794465508
894,787,5626,2,0,0,32207,0,2,2,6,45,24,10,1,33,78,1,147,983,38,Stay,45.343354335692936
895,537,7424,3,0,1,85774,1,1,3,3,72,4,8,3,1,97,1,51,4056,32,Churn,80.69283129599218
896,583,12857,1,0,0,52972,0,3,1,5,78,12,2,2,13,66,1,112,3194,10,Stay,41.3483148610687
897,729,19982,2,0,0,30799,1,1,2,10,95,22,5,1,27,35,2,26,2465,41,Churn,75.58562138889006
898,672,76961,2,1,0,91088,0,4,3,9,89,20,10,3,6,15,2,21,3447,8,Churn,50.21930355095946
899,739,1980,3,1,0,48916,1,2,2,11,50,18,8,2,6,25,2,104,3171,26,Churn,64.80263947943149
900,468,48290,1,0,0,90463,0,2,2,13,83,1,14,1,33,69,1,153,3775,30,Stay,46.37300151270202
901,433,26431,2,0,0,113500,1,3,2,3,33,30,2,1,30,21,1,125,4815,11,Churn,72.86158355155419
902,661,84976,3,1,1,96700,0,2,3,5,91,33,0,3,35,84,2,55,1052,41,Stay,47.59555859444898
903,452,82711,2,0,1,57158,1,4,2,8,58,24,19,2,23,12,1,179,3400,20,Churn,72.14983710106804
904,604,26385,4,0,1,104607,1,1,3,6,27,14,18,1,10,72,2,64,3835,20,Churn,76.36094487046367
905,525,38158,3,0,0,139639,0,3,1,4,16,36,13,2,19,73,2,61,3279,9,Stay,41.56552529109945
906,634,23019,1,0,0,133945,1,4,3,8,13,5,16,2,28,71,2,72,3063,8,Churn,56.88061085024971
907,442,18639,1,0,1,91696,0,2,1,11,99,11,13,1,23,15,2,129,4127,15,Stay,45.83154621917218
908,639,85530,1,0,0,81510,0,2,3,3,78,24,16,2,4,28,1,28,3347,34,Stay,49.26555686942444
909,770,99911,1,1,0,140076,1,4,2,3,69,31,13,1,20,27,2,106,4515,24,Stay,49.30708372051574
910,510,21563,2,0,0,78692,0,1,3,4,64,13,11,2,19,89,1,133,3457,33,Churn,51.57032265540783
911,648,39341,2,0,0,81744,1,1,2,9,25,16,15,1,27,96,2,94,4948,41,Churn,75.58562138889006
912,550,5776,1,1,0,35810,1,3,1,5,108,24,0,3,34,52,2,196,2804,41,Churn,52.44577315071645
913,582,36444,1,1,1,25126,0,2,3,8,99,13,12,1,4,82,2,149,1137,45,Stay,47.43123118938315
914,735,68916,1,1,1,50009,1,4,2,6,91,24,5,1,7,12,2,30,170,40,Stay,49.04058451562376
915,494,8711,2,0,1,119120,0,1,1,3,38,26,16,1,7,81,1,69,2974,27,Stay,47.98645163413979
916,773,74318,1,1,1,131718,0,3,1,8,32,2,11,2,26,47,1,182,205,21,Stay,42.89646055187986
917,799,82970,1,0,1,110932,1,2,3,12,23,16,18,3,26,77,1,141,869,5,Churn,66.2261944658649
918,407,85553,4,0,0,20192,1,2,1,9,88,38,5,2,19,85,1,162,2109,35,Churn,69.93567874985402
919,787,30707,4,0,0,136464,0,3,2,8,58,46,6,2,9,53,2,94,3040,21,Stay,43.70047193213476
920,759,39110,1,1,0,56413,0,3,1,13,42,1,0,1,20,98,1,50,2292,4,Stay,40.02872337327939
921,787,61788,3,1,0,32816,1,1,1,4,34,49,0,2,16,89,1,111,3595,49,Churn,68.66933006242564
922,583,82879,1,1,1,59082,1,4,2,14,30,11,4,1,17,72,2,175,4411,48,Stay,49.04058451562376
923,680,38827,4,1,1,85048,1,2,1,14,26,35,5,3,22,51,1,172,4455,16,Churn,74.6923813948842
924,594,5655,3,1,1,143130,1,4,1,13,32,43,15,2,13,73,1,111,1033,57,Churn,70.08291686575907
925,751,44859,3,0,0,70940,0,2,1,11,66,29,15,2,12,63,1,172,674,31,Stay,41.491109281700226
926,594,53625,1,0,1,52130,1,2,1,6,116,37,13,2,10,87,1,94,4030,26,Churn,58.90314051043028
927,554,52098,4,0,0,60142,0,4,2,1,90,17,0,1,1,86,2,111,4480,52,Stay,47.61906535902823
928,492,15251,4,0,1,149564,0,3,1,4,67,39,12,1,32,80,2,148,4187,35,Stay,44.6865321166666
929,559,526,3,1,1,56468,1,1,2,8,23,42,19,2,30,85,1,61,2631,6,Churn,75.57180939367531
930,460,68760,1,1,0,50698,0,2,1,1,102,28,9,2,8,46,2,129,2519,33,Churn,52.37859234472532
931,521,47837,2,0,0,30655,1,3,1,3,29,29,9,3,21,13,1,181,169,21,Churn,77.3843734715285
932,450,11536,2,1,1,67897,0,2,1,1,39,43,8,3,22,11,1,37,4574,16,Churn,53.955666712823856
933,676,28541,4,1,1,50075,1,1,1,9,28,3,12,3,18,53,1,96,1402,47,Churn,76.99842692409653
934,404,79083,2,0,0,29359,0,2,2,2,62,10,2,3,2,76,2,152,3914,39,Stay,46.89255349077505
935,491,51027,4,0,1,149048,0,1,2,9,112,42,17,3,9,77,2,39,2449,34,Stay,48.99178618362716
936,569,34531,4,1,1,122197,1,1,2,13,65,14,19,1,3,85,2,146,354,42,Churn,67.15317565174416
937,716,8712,4,1,0,125115,1,2,3,4,86,12,1,3,26,92,2,94,1807,57,Churn,72.31961118846466
938,421,65455,2,0,1,62056,0,2,1,2,91,47,16,3,21,83,2,81,4887,15,Stay,48.8826240328275
939,725,74744,4,0,0,71831,0,1,1,4,32,42,18,2,30,71,2,51,933,6,Stay,43.10839916695665
940,400,5109,3,0,1,79191,1,3,2,12,71,30,12,1,28,10,1,197,2864,2,Churn,69.23412495321017
941,532,49268,1,1,0,138592,0,4,3,11,119,32,12,3,26,26,2,185,2571,24,Stay,49.3795955846209
942,632,54615,1,0,1,141948,1,1,1,11,42,32,0,3,34,25,1,47,3842,56,Churn,60.519421894526346
943,411,82503,4,0,0,53272,0,2,2,10,112,42,1,3,8,18,1,93,2135,49,Stay,42.60961670506902
944,745,29759,1,1,1,128117,1,2,1,6,113,32,0,2,10,62,2,100,2067,28,Churn,52.60368987806734
945,445,85708,2,1,0,34671,0,3,1,11,27,26,4,2,14,82,1,41,199,1,Stay,44.70511741930301
946,433,60112,2,1,1,47048,1,4,2,7,82,1,2,2,15,68,1,190,1952,1,Churn,72.63820092751688
947,477,26589,1,1,1,96274,1,1,2,3,42,42,6,3,17,18,1,183,3283,28,Churn,64.85368778737039
948,617,30015,2,1,1,45963,0,1,1,3,41,2,12,2,18,21,2,115,2455,36,Stay,48.08261662334499
949,700,29009,1,0,1,63954,1,4,1,12,70,17,17,3,32,50,2,141,211,20,Churn,57.335515954950225
950,472,83309,1,0,1,92309,0,1,2,10,63,30,6,1,23,24,1,142,3258,48,Stay,49.24744598279923
951,681,62046,1,1,1,122120,1,4,1,12,26,39,0,3,23,75,2,71,282,8,Churn,53.31826389925015
952,648,26143,4,1,1,115430,1,2,1,8,28,7,4,2,35,84,1,183,3952,1,Churn,71.30882485651298
953,446,6154,1,1,1,20717,1,4,2,5,100,27,16,1,15,20,2,175,264,26,Stay,49.04058451562376
954,520,21804,4,1,1,31676,0,1,1,4,79,9,7,3,24,17,1,97,2237,51,Stay,49.629819497632866
955,613,41688,1,1,0,24434,1,4,1,7,108,22,14,1,28,64,1,183,2123,43,Churn,54.59517984724486
956,638,64288,1,0,0,69810,0,3,3,7,110,34,19,1,16,15,2,89,554,49,Stay,47.86778391893398
957,455,51195,1,0,1,123361,1,2,2,13,43,46,3,1,16,62,2,156,2385,25,Stay,49.09969392201639
958,749,20581,2,0,0,138696,0,2,3,9,93,49,1,3,6,29,2,40,4922,10,Stay,48.312056999175645
959,506,52648,4,0,1,114636,0,4,3,9,34,1,4,2,2,48,2,83,641,12,Stay,49.79145517934592
960,718,30087,4,1,1,24994,0,1,3,5,77,9,0,3,13,81,2,95,2765,41,Stay,49.89156228570147
961,447,49930,1,0,0,24234,1,3,1,13,83,20,4,2,9,43,1,80,2549,7,Churn,59.141633139791125
962,460,32981,1,1,1,89300,0,2,1,12,83,19,5,3,34,66,1,114,4033,12,Stay,49.12597906841275
963,736,69298,2,1,1,63949,1,2,3,13,97,36,1,3,17,28,1,59,2986,47,Churn,75.78040606392571
964,425,46167,2,1,0,57405,0,1,3,8,94,40,0,3,27,80,2,23,4714,40,Stay,48.19984284388728
965,691,75304,2,0,0,54872,0,1,3,10,20,45,3,2,29,40,2,50,4392,17,Churn,50.04271230122844
966,656,43408,4,1,1,62215,0,3,1,1,100,4,6,3,22,91,1,174,4004,5,Churn,52.818197819596755
967,407,39499,4,0,0,43185,0,4,3,9,25,9,0,1,24,49,1,172,1788,14,Stay,46.386708957803805
968,512,52269,4,0,0,63442,1,1,3,8,99,41,0,3,7,23,1,88,1737,34,Churn,75.49289790347774
969,754,38559,1,1,1,143263,0,4,2,6,70,22,7,1,34,90,1,89,4828,48,Stay,46.03149377132103
970,652,74319,4,1,0,71759,0,3,2,13,103,18,19,2,12,46,2,24,4770,17,Stay,48.012143045928966
971,579,95317,3,1,0,61153,1,4,1,3,89,12,15,2,23,53,1,134,4182,35,Churn,68.21410302259942
972,606,96347,3,0,1,97535,0,2,2,3,16,42,12,3,15,18,2,110,1990,55,Stay,46.916774683675676
973,702,48787,2,1,0,122023,0,4,2,8,25,43,17,3,33,67,1,27,3305,1,Stay,47.77161694699948
974,526,35488,4,0,0,22581,0,3,2,5,108,39,19,3,13,29,2,28,577,59,Stay,44.60676411794333
975,455,74441,3,1,1,71717,0,3,1,10,25,9,9,1,23,59,2,34,2466,50,Stay,46.12958112383457
976,613,74663,2,1,1,22763,1,3,2,11,49,6,11,2,32,29,2,124,2626,50,Churn,68.15948962959578
977,413,22431,4,0,1,112910,1,4,1,14,21,19,0,1,35,45,2,26,466,36,Churn,66.7978887030539
978,427,61681,1,0,0,75480,0,2,3,7,44,48,9,1,1,36,1,91,1936,15,Stay,44.84042338339177
979,477,63483,3,0,1,58759,1,1,2,5,30,47,8,3,5,81,1,134,1815,19,Churn,79.20595964981764
980,615,49153,1,0,1,96067,1,2,1,8,59,7,2,3,13,41,1,34,112,51,Churn,64.25996408269809
981,785,6368,4,0,0,138094,0,4,2,10,52,16,18,1,5,10,2,184,635,42,Stay,43.91173853877808
982,764,27424,3,0,1,45307,1,4,3,10,109,5,8,1,32,26,1,102,3339,5,Churn,73.17801618736667
983,553,45004,4,1,1,116371,0,1,1,4,26,16,9,3,21,18,1,58,2417,19,Stay,49.629819497632866
984,413,83869,1,1,1,31064,1,4,1,2,41,1,18,3,24,93,1,153,4142,43,Churn,75.31771970940207
985,586,88652,3,0,1,96848,1,3,1,3,50,37,15,1,18,54,2,76,475,39,Churn,68.61771835419842
986,711,56985,1,1,0,57548,1,3,3,8,15,39,17,3,21,75,2,111,1824,5,Churn,58.26817817486957
987,770,50069,4,0,1,56945,0,3,3,11,97,19,13,3,10,41,2,100,356,52,Churn,52.04879543560433
988,406,52326,4,1,1,67937,1,3,3,13,36,37,2,1,24,54,1,166,2364,12,Churn,68.14844022844858
989,402,81061,1,1,0,26476,0,3,1,7,29,17,1,1,21,18,1,146,549,19,Stay,41.60210546643316
990,510,23398,3,0,1,71756,0,4,3,13,34,26,0,2,25,39,1,178,993,47,Stay,45.58961261409166
991,637,98393,1,0,0,110101,1,1,2,2,75,22,17,1,23,93,2,94,3312,12,Churn,62.6470697602138
992,762,50861,4,0,0,22382,0,1,3,6,18,8,8,3,22,47,1,98,1284,36,Churn,50.80565368995214
993,638,75897,1,1,0,69683,1,3,1,9,101,33,12,1,4,69,2,29,3323,12,Churn,50.946871899059744
994,673,81905,4,0,1,107999,0,4,2,4,62,2,1,1,34,10,2,126,1408,18,Stay,48.54448329011516
995,693,68577,1,1,0,65276,0,2,3,9,70,30,6,1,6,14,2,106,4805,49,Stay,45.889776700647694
996,626,65641,3,0,0,53402,1,2,2,2,47,47,15,2,28,72,2,86,1016,51,Churn,72.92503792281015
997,770,9078,3,1,0,111881,1,4,2,2,12,20,18,2,31,45,1,81,247,48,Churn,75.30513916106139
998,414,25003,1,1,1,130300,1,3,1,9,93,18,14,3,35,74,1,150,4851,43,Churn,62.15837945806327
999,591,62768,1,0,1,46946,1,1,2,12,79,43,10,2,23,87,2,165,2214,34,Churn,56.42566831064201
1000,518,51047,3,1,1,99698,0,4,2,7,112,10,0,1,6,82,1,172,4116,48,Stay,42.10429695115514
1,502,10267,3,1,1,50873,0,3,2,1,48,33,3,1,18,89,2,43,4814,37,Stay,48.71500669961771
2,748,90825,1,0,0,148389,1,3,2,1,26,1,4,3,26,11,2,49,1783,58,Churn,68.52635542191885
3,670,1062,3,1,1,78627,1,2,2,9,54,37,3,2,16,33,2,85,586,40,Churn,65.19657148598064
4,506,50448,3,0,0,86155,1,1,3,10,20,6,12,1,8,26,2,80,3832,44,Churn,77.8765048588382
5,471,95462,2,0,0,119186,1,4,2,6,79,45,12,1,24,74,2,97,640,25,Churn,69.79138964306333
6,588,6229,1,1,0,45372,0,3,2,10,32,34,17,1,13,79,1,60,2160,23,Stay,44.543369946622605
7,420,56793,2,0,0,23642,0,2,2,8,100,47,1,1,29,78,2,101,4346,44,Stay,45.86194614722203
8,502,47915,1,1,1,149148,1,3,2,13,119,15,15,1,32,69,1,70,1338,59,Churn,52.32855083278361
9,521,4632,3,1,1,48001,1,3,1,7,79,45,0,2,24,59,2,191,1090,1,Churn,69.92257066868063
10,614,3596,3,0,1,54064,0,4,3,12,47,26,18,3,16,21,1,114,4567,33,Churn,52.71866818292953
11,730,6168,4,1,0,114826,1,1,3,6,11,14,8,2,11,56,1,32,2399,15,Churn,74.4321205228256
12,487,7561,1,1,1,34122,1,4,1,4,95,7,2,2,32,76,1,109,4007,17,Churn,57.32339147837454
13,772,73794,2,0,1,44820,0,1,1,7,93,46,6,1,6,74,2,159,4388,34,Stay,47.94324339847324
14,499,82152,4,1,0,88431,1,3,3,9,98,31,9,2,35,36,1,101,1180,17,Churn,70.09215610381973
15,759,26734,4,0,0,75745,0,2,2,14,88,24,0,1,33,57,2,28,297,52,Stay,41.30903319039869
16,551,6371,4,0,1,70081,0,4,2,11,102,31,9,2,18,97,2,67,2294,58,Stay,46.54578962454557
17,530,26069,2,0,0,90902,1,1,3,10,81,29,8,1,13,71,1,68,1698,41,Churn,79.7412868628166
18,549,79905,4,0,0,28711,0,3,2,10,46,42,14,1,10,53,1,72,1700,44,Stay,44.29359421927923
19,708,12910,2,1,0,105132,1,1,1,14,58,32,14,2,26,28,2,59,3792,4,Churn,70.47066047361417
20,657,73479,4,0,0,38793,0,1,2,7,61,17,2,2,17,68,2,126,3965,13,Stay,44.052879603152675
21,743,77735,2,0,1,28199,1,1,2,1,42,14,4,3,1,17,2,43,783,4,Churn,80.91537543082926
22,693,81264,3,1,0,96253,1,3,2,10,31,40,8,3,25,64,2,127,3183,7,Churn,72.19450502143603
23,785,23275,3,0,0,56191,1,2,3,9,14,36,8,3,34,56,2,52,4089,46,Churn,74.97966830488225
24,591,72274,3,0,0,30211,0,2,1,13,112,48,6,2,10,11,2,42,432,59,Stay,41.358615719288636
25,676,81449,3,1,0,131086,0,2,2,4,27,24,11,2,20,48,1,96,1871,9,Stay,46.32518898283858
26,560,60004,3,1,0,83069,1,1,3,3,47,45,8,1,7,54,2,73,4300,23,Churn,72.28111252502556
27,713,62981,4,1,0,108896,0,3,2,4,46,27,5,3,16,41,2,72,2821,33,Stay,48.614780735559755
28,421,84659,4,1,0,76746,1,1,1,4,103,25,1,1,29,74,1,68,906,33,Churn,71.7052195271403
29,652,54553,4,1,0,41542,1,2,2,13,104,32,8,1,12,47,1,97,1164,20,Churn,63.33522321952179
30,635,48447,2,1,1,51312,0,2,1,10,73,18,16,1,17,86,1,99,988,4,Stay,46.207371960216356
31,744,34529,2,1,0,65242,1,3,2,11,19,46,0,1,20,20,2,196,3023,1,Churn,63.984640002486955
32,448,75703,2,0,1,121971,0,1,1,2,88,18,18,3,26,19,1,121,420,54,Churn,51.45176657954102
33,458,76090,2,1,0,113783,1,4,2,14,51,37,5,1,19,68,1,141,4057,42,Churn,65.8778624126792
34,569,17260,3,1,0,145681,0,4,1,12,57,26,4,2,12,99,2,122,2482,34,Stay,46.04181549027498
35,587,3812,3,1,0,107893,1,2,2,14,53,9,1,2,21,64,2,109,3331,27,Churn,67.92946709785873
36,670,28024,3,0,0,75388,1,3,2,1,91,35,8,2,34,29,2,109,2411,21,Churn,76.86102525075914
37,589,58656,1,0,1,126581,0,1,3,12,96,8,13,3,7,90,2,179,3701,24,Churn,52.74900115749352
38,574,27285,4,1,0,47691,1,1,3,10,106,20,3,1,35,26,1,140,1600,15,Churn,70.56054708529882
39,450,92436,2,1,0,97960,1,2,1,12,25,42,3,3,15,77,2,168,1668,35,Churn,69.38861242919123
40,763,1605,2,1,1,104388,0,2,2,1,63,22,14,1,1,14,1,165,3381,25,Stay,46.363339319056706
41,454,71158,3,0,1,42601,1,1,1,13,111,19,7,3,26,69,2,79,1619,55,Churn,76.73751727251927
42,643,72303,2,0,0,138307,0,1,3,14,44,30,3,3,35,32,1,141,2018,9,Churn,50.80565368995214
43,719,27139,2,1,1,38020,1,2,1,8,107,28,15,1,25,55,2,160,4189,17,Churn,65.36006175356125
44,530,77149,4,0,1,28155,0,1,1,14,37,35,3,3,15,61,2,171,1965,21,Stay,45.0024776740135
45,706,56138,3,1,1,89119,1,4,3,2,11,43,15,1,22,19,2,49,1505,13,Churn,71.59838837727199
46,534,76125,4,0,0,101051,1,2,2,12,103,11,11,2,6,55,1,149,2823,3,Churn,69.08302468964037
47,420,13918,1,0,0,56777,1,1,1,10,22,31,15,2,15,37,1,102,104,4,Churn,61.8272138964666
48,728,85655,1,1,0,39710,0,2,3,5,50,49,18,2,24,52,1,130,1268,4,Stay,47.48527896192279
49,566,27446,1,1,1,128714,0,3,2,12,89,48,7,3,21,35,2,127,2498,43,Churn,50.93277500037263
50,673,13046,3,1,0,44532,0,2,3,4,68,39,5,2,7,64,1,130,2730,28,Stay,47.92462261149764
51,787,24818,2,1,1,148727,0,2,1,8,78,36,9,1,29,57,2,44,447,7,Stay,47.618711041737576
52,488,4324,3,0,0,38601,1,3,2,2,101,30,4,2,32,38,2,69,4320,26,Churn,74.72182328647136
53,715,76323,3,0,0,83227,1,4,2,10,62,23,17,2,32,36,2,33,1913,11,Churn,68.47543412593514
54,413,9111,2,0,1,24967,0,1,3,9,112,19,9,3,5,27,1,153,3442,24,Churn,55.48791405657094
55,641,38110,4,1,0,104289,0,3,3,7,54,12,9,1,4,69,2,95,2674,43,Stay,46.551398550425965
56,664,16389,1,0,1,40022,0,2,3,13,29,15,6,3,22,83,1,103,3925,10,Churn,51.179501715641386
57,745,41427,4,1,1,63463,1,1,2,7,33,31,17,3,18,78,2,106,4693,37,Churn,79.12529882373653
58,452,79579,1,0,0,94671,0,3,2,1,70,43,0,1,35,83,2,177,152,13,Stay,43.60683250479212
59,785,28746,3,1,1,25722,0,1,1,14,100,37,6,3,17,30,2,49,248,44,Churn,51.18912479291248
60,739,87886,1,1,0,47413,1,1,2,12,103,37,0,1,24,33,1,185,602,42,Stay,48.730598980971145
61,491,117,3,0,0,112772,1,3,1,2,67,15,14,2,2,12,1,77,969,39,Churn,75.04310311212468
62,766,84471,4,1,1,101050,0,1,3,4,118,29,3,1,13,71,2,113,3621,19,Stay,49.553715518565035
63,663,13234,3,1,0,129432,1,4,3,4,36,43,19,1,15,11,1,60,4414,51,Churn,67.30585540188059
64,434,53441,4,0,1,122748,0,3,2,11,35,26,9,1,5,75,1,113,3971,19,Stay,46.846972466132954
65,605,846,2,1,0,125922,1,4,3,14,16,44,8,3,3,51,2,76,1400,12,Churn,69.54534161832669
66,480,10954,2,1,0,105867,0,2,3,3,51,2,1,1,3,43,2,183,2599,52,Stay,39.667721895576385
67,449,79239,2,1,0,103596,0,1,2,7,56,20,13,1,35,51,1,83,4133,22,Stay,44.868410995469944
68,759,46514,3,0,0,86732,0,2,1,12,62,15,15,1,23,29,2,117,3389,47,Stay,41.680932237316085
69,787,88236,2,0,0,32297,0,2,2,8,68,4,0,2,28,77,2,35,4933,37,Stay,40.92608404099201
70,401,97579,1,1,1,88323,1,1,1,2,47,22,1,1,30,54,1,107,3953,56,Churn,71.06416544789545
71,789,6469,4,0,1,43816,1,3,2,4,78,38,6,3,18,84,1,97,2551,30,Churn,75.27168480797937
72,453,30105,4,1,1,144341,1,1,2,14,96,23,9,1,33,51,2,109,4485,46,Churn,71.25306328239367
73,505,42101,1,1,1,60695,1,2,3,3,101,26,19,1,26,56,1,91,438,12,Churn,52.8074014282729
74,659,64323,3,1,1,39702,0,2,2,2,107,11,0,2,17,14,1,33,2924,29,Stay,47.39950621962303
75,709,91922,3,1,1,45242,0,3,2,12,62,28,12,1,7,98,2,50,1793,21,Stay,47.88359196785288
76,590,58067,4,1,0,75841,1,1,1,13,24,2,0,3,8,58,2,85,1086,11,Churn,73.48409721299217
77,617,49376,2,0,0,148498,1,2,3,14,105,8,4,1,31,46,2,131,3590,37,Churn,71.49247730730525
78,443,45587,3,1,1,87712,1,4,1,6,35,29,15,3,12,43,2,87,2833,48,Churn,72.66580633058724
79,561,36976,3,0,1,105663,1,2,1,13,57,11,14,2,31,82,1,74,3867,58,Churn,70.20722785210745
80,601,67584,1,0,0,127096,1,2,3,4,104,37,16,1,19,79,1,142,4176,18,Churn,61.37660113103004
81,669,78477,1,1,0,112764,0,3,3,6,28,18,15,2,10,27,2,187,2106,44,Stay,49.12468345416999
82,750,42533,2,1,0,73574,0,4,3,2,18,14,12,1,12,87,2,172,3207,59,Stay,47.602368619669406
83,703,1828,3,0,1,105744,0,2,2,12,73,10,10,3,20,28,2,44,4568,27,Stay,46.916774683675676
84,670,1917,3,0,1,48482,1,2,3,4,102,35,16,2,7,87,2,150,3430,37,Churn,69.6616706806887
85,614,20618,1,0,1,29171,1,4,3,11,63,9,16,1,14,49,1,88,3141,48,Churn,60.007413264398835
86,651,32254,3,1,0,120755,1,1,3,6,60,35,1,3,11,26,1,121,630,12,Churn,78.9563976127013
87,589,47362,4,0,0,118932,1,1,1,14,48,11,12,2,7,69,2,137,1023,23,Churn,73.01684887523963
88,695,20128,1,1,1,128125,0,2,1,5,13,44,13,1,29,51,2,45,4218,34,Stay,47.37509323254918
89,612,59383,2,1,1,126082,0,2,2,3,12,12,10,2,10,90,1,59,340,38,Stay,49.652232848742294
90,607,65545,1,1,0,23696,1,1,1,8,73,3,9,1,29,81,1,57,1996,23,Churn,57.336955351684615
91,636,82180,3,0,0,146310,0,3,2,7,38,39,2,3,9,74,1,185,3424,53,Stay,44.3808013862628
92,737,87958,2,1,0,40058,0,4,1,3,20,14,16,3,10,62,1,26,913,25,Stay,44.997042770482274
93,766,9865,1,1,0,40313,1,4,3,6,106,28,14,2,19,16,2,177,4850,4,Churn,54.864517874659036
94,452,2219,4,1,1,39149,1,3,1,4,111,11,8,2,31,14,1,139,882,30,Churn,70.08291686575907
95,679,39809,4,1,0,73521,1,3,2,11,67,39,9,1,17,33,1,166,4155,30,Churn,65.8778624126792
96,616,5287,1,1,0,65740,1,3,1,5,84,25,7,3,9,37,1,54,107,13,Churn,60.41146787540001
97,651,34387,4,0,0,126611,1,3,3,11,36,21,12,1,33,71,2,180,3873,42,Churn,72.42763560095847
98,587,8512,4,1,1,24956,1,3,2,5,106,10,17,3,34,26,2,180,4770,49,Churn,73.16159889980528
99,779,1342,4,1,1,95731,0,3,3,7,30,43,4,2,24,29,1,97,3239,14,Churn,51.47007848506703
100,440,63076,2,0,0,102612,0,4,3,11,48,15,5,1,9,12,1,57,3889,56,Churn,50.68809472812686
101,556,19216,4,1,0,137850,1,3,2,5,104,19,16,1,7,46,2,157,4151,47,Churn,64.15383891462635
102,414,93070,4,0,0,86641,0,1,3,11,111,48,10,3,16,99,2,47,617,8,Churn,50.932942655814614
103,700,79767,4,1,1,83811,1,3,3,3,55,22,19,3,19,24,1,119,3290,55,Churn,76.4025467584277
104,464,97829,2,0,1,72160,1,3,1,10,75,21,15,3,6,60,2,57,3202,24,Churn,74.07062468647007
105,744,26614,1,0,1,71313,1,4,3,5,100,44,8,2,11,57,1,163,4678,18,Churn,61.267662755039254
106,726,36258,3,1,0,83232,1,4,3,7,45,32,1,1,12,17,2,143,2816,35,Churn,68.24298904713498
107,408,93789,4,1,1,35417,0,3,3,5,84,23,4,3,13,22,1,168,678,25,Churn,52.24195696986952
108,743,42078,1,1,0,44729,1,4,3,5,91,13,0,2,12,57,1,111,4582,17,Churn,53.98230123805698
109,528,83524,4,0,0,132492,0,2,2,9,74,5,3,3,21,12,2,116,4607,32,Stay,42.41067030570484
110,535,96573,2,0,0,50099,1,4,1,3,72,4,3,1,10,74,1,25,1965,56,Churn,73.76853071192822
111,462,12219,1,0,1,138387,1,4,3,13,108,28,2,3,20,82,2,188,1476,24,Churn,60.094259369261025
112,538,235,2,1,0,118134,1,4,3,6,44,14,8,1,28,40,2,146,3038,7,Churn,65.6163243444979
113,480,42929,4,0,1,49961,0,4,2,1,40,8,11,2,24,35,2,34,1005,13,Stay,47.84116570895881
114,791,67444,4,0,1,32602,1,1,3,10,37,9,9,2,5,90,1,127,1064,27,Churn,79.05191390115837
115,562,8567,2,1,0,138474,1,1,2,5,112,35,1,3,12,65,1,150,2076,48,Churn,77.86995545119467
116,688,70792,3,0,0,29256,1,1,1,8,10,37,10,1,35,43,1,62,4859,5,Churn,75.57084163026168
117,778,65441,2,0,1,106120,0,3,1,5,34,21,9,1,2,18,2,66,1987,36,Stay,43.10571251307369
118,660,84555,4,1,0,132516,0,3,3,9,52,18,5,1,9,71,1,118,2547,26,Stay,45.209718916632376
119,630,73698,2,0,1,54681,0,2,3,11,111,33,17,3,22,22,1,33,1091,42,Churn,53.87405650808002
120,440,5415,3,1,0,111328,1,1,3,6,93,8,1,1,5,78,1,176,3656,45,Churn,73.9277818032419
121,427,36159,2,1,1,107440,0,3,2,8,76,49,1,1,12,50,1,151,4059,31,Stay,45.729158763991116
122,534,43925,3,1,1,84789,1,4,3,10,72,17,9,1,1,86,2,173,3704,10,Churn,65.27691825083156
123,600,5951,3,1,1,63361,0,4,3,8,60,43,15,1,22,10,1,134,1183,46,Stay,48.180879251147225
124,727,87388,2,1,1,84503,0,1,1,13,11,31,11,3,19,98,2,159,534,26,Churn,51.18912479291248
125,667,8007,2,0,0,54540,1,2,3,3,91,34,0,3,16,56,2,21,120,22,Churn,70.80634632494805
126,432,41832,1,0,0,46536,0,2,1,7,117,6,7,1,31,13,2,164,3022,12,Stay,44.37021045899922
127,447,58596,4,1,1,104700,1,4,3,14,73,22,15,1,3,72,2,54,2025,32,Churn,60.5302345640988
128,461,30523,3,1,1,83043,1,2,1,7,83,14,17,2,23,61,1,29,1572,27,Churn,69.93250462762536
129,615,88861,1,0,0,98532,0,1,3,14,78,3,12,2,18,19,1,131,1199,33,Churn,50.876569482899555
130,692,86740,2,1,0,76575,1,4,1,10,18,12,14,1,26,37,1,190,2737,53,Churn,67.735665793341
131,498,15524,4,1,0,147626,1,3,2,12,11,36,11,1,13,15,2,40,489,52,Churn,64.15383891462635
132,571,19282,1,1,0,22871,0,3,1,6,43,12,7,2,18,36,1,34,3513,20,Stay,45.82076334037907
133,759,23930,3,0,0,66002,0,2,1,12,69,45,9,2,3,21,2,182,2715,39,Stay,36.77816611359383
134,613,77,1,0,0,69812,1,4,1,7,111,2,13,1,23,71,1,131,1454,41,Churn,65.6521724436879
135,434,20611,3,1,1,42626,0,4,3,14,70,2,4,3,3,61,1,145,4621,40,Stay,44.27116599035952
136,626,16984,2,1,0,79979,1,3,3,2,40,15,17,3,25,57,1,104,105,59,Churn,79.99133801029677
137,500,14060,4,0,0,96057,1,4,3,9,19,23,18,1,27,76,2,104,290,13,Churn,72.42763560095847
138,530,82985,4,0,1,146834,0,4,2,10,85,29,14,1,27,55,1,191,247,14,Stay,46.846972466132954
139,656,84056,4,1,0,128946,0,4,2,10,45,17,5,2,25,83,2,24,4600,44,Stay,48.012143045928966
140,404,43303,2,1,0,86668,0,2,1,1,94,32,10,2,24,24,2,136,4453,40,Churn,51.330513676841605
141,617,59207,3,0,0,119003,0,4,2,1,58,7,10,3,8,80,2,165,3650,53,Stay,48.147640040260605
142,654,75046,2,0,0,100070,1,1,1,3,79,30,19,1,9,45,1,168,4205,22,Churn,76.73643514419925
143,797,29287,4,0,0,109390,1,2,1,14,58,28,19,2,30,23,1,91,1210,18,Churn,69.93567874985402
144,758,93709,2,1,1,62998,0,4,1,3,12,14,17,3,19,87,2,93,3933,48,Stay,49.51540055817906
145,682,39711,2,0,0,83814,0,4,2,1,83,44,17,3,16,12,2,70,724,29,Stay,49.751672717441366
146,792,11954,2,1,1,124601,1,1,3,12,14,30,9,3,24,76,2,188,4225,43,Churn,80.16580927229727
147,606,73340,3,0,1,65607,1,2,2,7,119,17,1,2,21,95,2,43,2275,16,Churn,67.23278816495996
148,414,72101,1,0,0,27812,1,3,1,4,99,32,8,2,6,28,2,171,3249,46,Churn,54.025942353523725
149,745,71520,1,0,1,81844,1,3,1,10,70,46,13,1,5,85,1,57,1178,35,Churn,59.631341636120816
150,441,87062,2,0,0,90093,0,2,2,13,94,6,18,1,14,63,1,63,3651,53,Stay,45.343354335692936
151,779,18574,1,1,1,22179,1,4,1,2,118,24,9,3,4,78,1,181,2452,34,Churn,72.13306322327523
152,578,9184,1,1,1,63798,1,4,1,10,99,6,3,3,8,19,2,94,645,3,Churn,56.11221802264467
153,462,19096,2,0,0,94601,0,3,2,5,111,27,5,2,24,42,2,114,1295,4,Stay,45.28574192459685
154,751,67728,2,1,0,28275,1,3,2,6,117,18,13,2,11,22,1,42,2169,54,Churn,68.72931963276636
155,630,34016,4,0,0,70574,1,3,2,9,35,24,3,1,17,60,1,143,3458,5,Churn,69.93811726817732
156,640,11246,1,0,0,67857,0,1,1,4,81,37,14,1,21,41,2,105,2538,10,Stay,46.09894850585649
157,451,45558,3,0,0,145555,0,3,1,2,14,24,15,1,26,84,2,62,716,52,Stay,44.84240407279686
158,495,18381,2,0,1,121484,0,1,3,5,24,38,6,2,27,33,2,59,4344,29,Churn,54.64168535444309
159,787,36455,4,1,1,40700,1,2,3,3,25,34,16,3,16,44,1,66,3443,32,Churn,75.18497289793979
160,621,92263,3,0,1,146855,1,4,2,2,10,40,18,1,26,92,2,188,1911,31,Churn,71.74010915891039
161,630,4018,1,0,1,59464,0,3,3,12,25,47,18,1,33,79,2,194,271,2,Stay,49.183942444545266
162,636,11302,4,1,1,62351,0,4,1,1,46,15,16,2,31,49,2,39,4242,12,Churn,52.99961415493946
163,542,67506,2,0,1,113330,1,4,3,10,12,11,5,1,6,63,1,128,725,27,Churn,74.41913253701661
164,570,41157,3,0,1,114319,0,3,1,2,61,22,10,3,8,53,2,87,4163,5,Stay,47.68325743738551
165,428,54917,2,0,0,102534,0,3,2,6,56,24,15,2,7,71,1,43,2354,37,Stay,45.61849941369019
166,435,92738,1,1,0,33869,0,2,2,8,104,1,7,1,34,77,2,55,552,27,Stay,42.8109832262929
167,412,96646,3,0,1,80315,1,1,1,13,22,18,10,1,14,42,2,64,1518,23,Churn,73.0566693990846
168,559,83122,1,1,1,130061,1,1,3,3,89,44,6,2,16,86,1,149,853,33,Churn,62.04042638624961
169,726,24519,1,0,0,113688,1,4,2,11,64,12,18,2,9,65,2,47,3472,4,Churn,52.108656287616604
170,586,96809,4,0,0,40954,1,3,2,9,116,43,9,1,10,45,1,173,2823,59,Churn,71.27029362517008
171,642,87487,2,1,0,51555,1,2,3,12,30,28,8,3,17,63,2,42,3110,21,Churn,71.22806307599457
172,485,56819,3,0,0,83353,1,2,3,9,75,40,3,2,12,28,1,183,3011,24,Churn,71.7560712465098
173,683,80910,1,0,1,102190,0,2,1,2,63,7,14,3,6,52,2,110,1325,44,Stay,46.29180440486729
174,465,71324,1,1,0,65026,1,2,3,8,36,23,12,1,19,21,1,153,267,31,Churn,52.081628465727256
175,569,5408,3,1,1,120772,1,2,3,10,47,21,1,3,29,20,1,182,3785,44,Churn,75.78040606392571
176,444,59379,1,1,1,66976,0,1,3,11,99,34,1,1,6,79,2,122,185,48,Stay,47.79181335702016
177,461,25053,4,1,1,100578,1,1,1,12,67,11,15,1,25,21,1,57,1777,24,Churn,70.66224954642325
178,533,9446,4,1,0,111502,1,1,1,5,71,22,8,1,24,50,2,182,2082,49,Churn,70.03521144854247
179,683,922,4,0,0,133943,0,3,2,4,111,42,12,1,25,34,1,113,1586,53,Stay,44.29359421927923
180,427,98723,4,1,1,129850,0,4,1,10,55,35,2,3,16,12,2,72,541,10,Stay,48.15029122196322
181,507,51356,1,0,1,65095,0,2,2,5,98,29,8,1,16,12,2,57,370,49,Stay,47.50045680746972
182,443,10789,3,0,1,34270,1,3,3,4,20,42,12,1,6,93,2,62,443,49,Churn,69.54264373081418
183,739,97720,3,0,0,50908,0,2,2,8,81,28,1,3,21,37,2,122,1306,50,Stay,41.96223207423933
184,685,66656,3,1,1,35523,1,1,2,4,17,18,7,2,4,32,1,133,3181,2,Churn,75.57180939367531
185,730,44028,3,1,0,82433,1,3,3,13,106,14,8,3,34,57,2,23,1357,31,Churn,73.46462841218701
186,527,64484,2,0,1,67068,1,1,2,10,80,18,15,3,28,76,2,24,2391,25,Churn,79.00620187368924
187,747,32154,3,1,1,39991,1,2,1,12,73,28,1,3,28,51,2,87,1632,4,Churn,73.41297630214896
188,630,82870,2,1,1,30775,0,2,1,13,111,24,5,1,17,97,2,142,3522,51,Stay,47.618711041737576
189,589,2336,2,1,0,97801,0,4,1,14,30,8,7,1,14,49,2,192,4462,11,Stay,43.165830094029026
190,624,67779,4,1,0,104995,1,2,1,6,81,42,4,1,7,15,1,99,1753,17,Churn,66.74996545085304
191,784,19029,2,0,1,81250,0,1,2,2,72,45,8,2,22,29,2,172,338,44,Churn,53.01330288786264
192,776,59201,1,0,0,36673,1,2,2,5,94,8,0,1,1,20,1,30,1014,2,Churn,52.97805366036699
193,682,32265,2,1,1,142808,1,4,3,6,73,4,8,2,29,36,1,176,1538,6,Churn,71.89940743105626
194,520,43872,4,0,0,47056,1,4,2,5,29,27,9,1,31,30,2,181,3116,9,Churn,68.42102259953293
195,515,46197,2,1,0,26614,0,1,2,12,17,36,3,3,30,22,2,161,1560,5,Stay,48.566955372583465
196,632,55180,1,1,0,121556,1,3,2,2,67,5,2,1,15,95,1,139,3179,20,Churn,60.613161861156364
197,658,23710,1,0,1,27415,1,2,3,14,55,33,9,2,18,44,1,171,2358,29,Churn,61.59401848176548
198,758,29486,1,0,0,108691,0,4,1,7,40,49,14,2,35,56,1,186,466,21,Stay,42.79081305428235
199,597,71907,4,0,0,134966,0,2,2,4,102,34,10,1,30,95,2,45,3091,9,Stay,43.48141952697938
200,536,71895,4,1,1,63884,0,2,3,8,18,30,13,3,34,37,1,190,3841,28,Churn,51.88448199030514
201,717,64435,3,0,1,36964,0,3,3,7,24,8,5,1,11,30,1,55,185,55,Churn,51.656812544854866
202,564,40631,4,1,1,57726,1,4,3,7,103,39,11,1,27,27,2,186,2593,8,Churn,65.02625541460215
203,624,20103,1,0,1,143133,0,2,1,9,35,47,12,1,24,40,1,163,4815,31,Stay,45.938576355256494
204,706,64772,1,0,0,57044,1,4,2,1,19,26,16,3,35,69,2,141,231,20,Churn,65.38436915537935
205,633,14382,4,1,0,77149,0,1,3,10,38,37,15,2,8,46,1,78,1003,27,Stay,49.53792293898769
206,571,84291,2,1,0,57544,0,1,1,6,89,34,2,3,18,30,2,115,3556,8,Stay,46.60438896536612
207,551,3756,4,1,0,69976,0,2,3,6,45,7,1,2,13,23,1,25,1321,54,Stay,47.321304761702535
208,714,20609,4,1,0,52252,0,4,3,6,93,40,10,2,24,98,2,117,1863,21,Stay,49.61598103262243
209,773,16478,1,1,1,23832,0,2,3,13,118,28,8,2,23,69,2,75,2904,28,Churn,50.636718852225926
210,559,39666,3,1,0,110811,0,4,3,12,46,39,2,3,12,32,1,155,1326,23,Stay,47.93955659180688
211,495,75683,1,1,0,100437,1,4,3,6,95,39,17,1,30,38,2,113,1384,6,Churn,50.91181704257887
212,632,99097,3,1,0,123749,0,3,1,12,80,28,19,1,31,56,1,46,789,3,Stay,41.792897995142894
213,579,71315,1,0,1,54148,0,3,2,10,32,14,14,1,28,39,2,174,4882,5,Stay,45.98278998766697
214,512,77834,4,1,1,81240,0,3,2,7,50,38,13,1,22,99,2,139,4981,9,Stay,47.88359196785288
215,717,14153,1,1,0,128169,0,2,2,14,113,4,1,1,28,93,2,193,4535,7,Stay,44.53705027321403
216,451,76325,1,0,1,145607,1,3,2,10,102,42,16,3,13,47,2,188,4607,4,Churn,55.363428046198
217,667,12999,1,1,1,108454,0,3,1,6,89,18,7,3,25,92,2,44,2096,39,Stay,49.08275790959377
218,694,55318,4,0,1,132230,0,1,1,1,111,44,9,3,7,36,2,105,4481,5,Stay,48.19803210987483
219,785,814,4,0,1,148933,0,4,1,3,37,48,17,3,6,98,2,165,1209,11,Stay,44.91626470247042
220,786,76077,4,1,1,105076,0,4,3,2,57,25,18,3,24,96,1,31,529,15,Churn,54.42574240804661
221,512,90474,4,0,1,97116,1,3,3,6,47,7,7,3,19,24,1,106,4226,34,Churn,78.67995204559664
222,500,2443,3,1,1,73459,0,4,3,8,40,38,7,3,19,68,2,198,3881,13,Churn,53.303361366337064
223,512,75993,3,0,0,58402,1,1,2,3,23,28,2,1,9,12,2,128,702,54,Churn,74.45254248020652
224,480,75916,2,0,0,77727,0,1,3,10,106,5,2,2,29,19,2,186,539,48,Churn,50.444097350544595
225,586,73319,4,0,1,58578,1,3,2,8,82,3,11,3,24,88,1,108,1084,7,Churn,75.27168480797937
226,512,17368,3,1,0,110453,1,1,3,8,100,44,16,2,5,89,2,29,2018,40,Churn,74.82217039361493
227,401,15328,1,1,0,42318,0,4,2,5,97,31,3,3,26,26,1,93,4607,6,Stay,46.3347139022104
228,529,56942,4,0,1,95715,0,2,3,8,86,47,16,3,14,92,2,96,627,56,Churn,51.726807061380455
229,619,91751,2,0,0,97787,1,4,3,6,99,42,13,1,29,20,2,73,4505,39,Churn,73.69099059492254
230,453,99131,2,1,1,131435,1,2,1,5,38,20,18,2,6,57,2,176,3096,50,Churn,67.4939183788929
231,742,27306,2,1,1,105029,0,3,3,9,60,19,8,1,7,14,2,121,3567,30,Stay,49.48722340070971
232,623,85451,1,0,1,40466,1,2,3,14,58,48,11,1,18,78,2,188,1461,22,Churn,55.49680506553489
233,624,39915,3,0,0,115742,1,1,1,7,52,11,4,2,23,73,1,156,803,25,Churn,73.88565867629958
234,784,37219,1,1,0,65475,1,4,2,8,101,40,10,1,1,23,2,184,762,28,Churn,51.77522737337459
235,525,80879,4,1,0,80142,0,2,1,1,101,3,19,3,4,59,1,161,464,54,Churn,50.81642827903885
236,529,64644,2,1,0,105160,1,4,1,11,81,23,2,3,35,35,1,120,1022,20,Churn,73.51793717581789
237,452,60279,1,1,1,46564,1,3,2,2,96,7,14,3,23,81,2,92,3956,39,Churn,65.06793038282962
238,571,53028,1,1,1,42412,1,3,3,8,102,23,13,3,27,78,2,91,275,3,Churn,58.91220780638836
239,617,126,3,0,0,113526,0,1,2,12,14,7,10,3,26,16,2,186,1035,5,Stay,46.12619353267702
240,559,52329,3,1,1,71001,0,3,3,9,51,46,19,1,8,25,1,187,481,1,Stay,48.406159414252734
241,597,27632,2,0,1,77649,1,2,3,4,16,34,7,1,16,64,1,73,405,15,Churn,73.04567808911104
242,646,65310,1,1,0,80957,0,3,2,12,51,42,3,3,3,87,1,22,4797,26,Stay,40.04343805185046
243,723,55176,1,0,1,55517,1,1,1,10,45,19,11,3,32,65,2,130,2490,3,Churn,62.45190428537077
244,602,86066,3,1,0,33156,0,4,2,11,114,9,7,1,5,13,1,180,2303,40,Stay,43.62498829721077
245,583,44327,1,1,1,43064,0,4,3,10,36,48,5,2,20,57,1,115,4907,57,Stay,49.22944250392465
246,522,68904,1,0,0,45711,1,3,2,14,67,18,14,1,14,26,1,90,1565,41,Churn,57.39526761603872
247,654,3797,1,0,1,50106,0,2,2,9,55,41,11,1,32,45,2,38,3371,47,Stay,47.50045680746972
248,693,47882,3,1,1,85458,0,1,3,4,75,48,15,1,26,79,1,53,502,42,Stay,49.5973634443084
249,679,13718,2,1,0,36589,0,2,1,10,34,45,15,1,6,89,1,69,4809,34,Stay,43.0872471314909
250,724,34560,4,1,0,109272,1,1,2,10,82,42,19,1,5,47,2,194,2770,52,Churn,70.97671994947947
251,771,76589,2,1,0,106511,0,3,3,10,36,25,19,2,13,71,2,65,1901,5,Stay,49.61598103262243
252,497,22116,4,1,0,121754,0,1,3,9,10,14,3,3,32,57,2,102,2750,31,Churn,50.17144090273678
253,597,36244,1,0,1,27214,1,1,2,11,96,44,10,3,16,19,1,70,276,51,Churn,64.85775141269441
254,794,1645,2,0,1,116117,0,3,1,7,83,25,12,2,1,45,1,73,4644,13,Stay,43.45831075967472
255,639,47523,4,1,0,105731,0,2,2,2,51,19,8,3,13,38,1,109,842,43,Stay,48.44959490755657
256,543,19256,3,0,1,130118,0,3,1,9,61,39,3,3,11,87,2,100,2448,1,Stay,43.540097841722655
257,496,53173,3,0,0,146479,0,1,1,4,34,15,11,3,8,13,1,137,4502,22,Stay,43.538132589941995
258,600,37430,2,0,0,47127,0,3,1,8,63,16,8,2,25,53,2,175,850,15,Stay,43.13268267010661
259,523,39282,2,1,1,25141,1,1,1,14,76,27,12,2,32,65,2,38,968,26,Churn,72.30174841325938
260,586,63374,1,0,1,48884,1,3,2,7,15,40,15,3,24,51,1,46,4162,18,Churn,61.79905070223847
261,725,68244,2,1,0,110421,0,4,3,13,67,10,5,3,28,22,1,195,4067,48,Stay,48.982262886429176
262,748,11694,1,0,0,22708,0,4,3,7,79,4,9,3,14,55,1,166,313,9,Stay,48.36162923744942
263,658,56264,1,1,0,38375,0,3,3,8,62,19,12,1,3,91,2,198,1717,1,Stay,39.83453447852746
264,547,75060,3,0,1,35088,1,2,3,1,75,28,6,1,27,42,2,26,2630,43,Churn,75.6601093788869
265,651,97416,3,1,1,77615,1,1,3,5,67,21,18,1,20,30,1,176,3433,9,Churn,72.88761794465508
266,745,57545,4,1,1,130138,0,4,3,2,91,47,18,2,15,89,2,190,1697,23,Churn,53.72419689565364
267,546,39224,3,0,1,65046,0,2,2,2,96,14,16,3,27,88,1,88,611,43,Churn,51.29491727829688
268,547,97945,3,1,0,30014,1,1,1,1,11,33,12,2,28,66,1,113,352,45,Churn,81.64626729397226
269,751,13224,2,1,0,84425,0,4,3,5,85,48,12,2,25,78,1,132,4233,58,Stay,48.23061335125901
270,598,40738,3,1,0,23273,1,4,2,2,31,10,1,2,33,79,2,126,728,2,Churn,76.35223039240964
271,707,25150,4,1,0,67135,1,3,3,4,46,19,9,3,14,76,2,139,3576,14,Churn,73.46462841218701
272,527,63731,2,1,0,122842,0,1,3,3,29,30,12,1,8,57,1,155,1086,38,Stay,46.461084860321144
273,438,49688,4,1,0,50881,1,2,1,3,112,22,8,3,14,85,1,189,1825,40,Churn,72.28176942049066
274,737,99929,3,1,1,117022,0,2,1,2,33,3,0,3,1,42,2,61,2193,18,Churn,50.949229104501256
275,759,73509,4,1,1,98077,0,2,1,13,93,37,13,2,16,45,1,32,1801,16,Stay,49.26364218742268
276,528,8577,2,0,0,28712,0,1,3,6,74,41,15,2,18,42,2,173,404,53,Churn,51.64699502546451
277,666,8070,1,0,0,94704,0,2,3,2,74,18,19,2,7,40,1,37,4178,29,Stay,49.89802939835359
278,550,8666,4,1,1,72874,0,2,3,14,90,11,14,1,15,30,2,61,2380,44,Stay,49.346953453131206
279,697,57761,4,1,1,89087,0,2,1,14,10,48,0,1,24,36,1,70,4440,11,Stay,41.64088417345126
280,498,36368,2,0,1,32297,1,3,2,8,118,2,16,1,13,81,2,132,2907,6,Churn,73.823835964446
281,662,6783,2,0,1,129269,1,3,3,8,103,12,12,3,9,71,1,163,2986,3,Churn,79.73697626196956
282,651,41914,4,0,0,47128,1,1,3,13,114,6,14,2,15,35,2,120,3554,14,Churn,78.08151771502978
283,543,70507,3,1,0,88368,1,1,3,14,12,43,15,3,35,75,2,22,1124,2,Churn,78.95506078407564
284,745,79026,4,0,0,114019,0,2,2,12,55,40,15,1,24,21,2,98,4412,32,Stay,43.48141952697938
285,511,67526,2,1,0,107599,1,3,3,5,64,44,1,2,33,31,2,117,3075,31,Churn,71.59037981721703
286,459,70835,1,1,0,108499,1,4,2,10,84,29,16,1,16,26,1,192,606,11,Churn,52.12819186044234
287,768,45765,1,0,1,98958,1,4,3,7,97,30,10,2,8,16,2,169,4956,22,Churn,56.088607898864595
288,401,19956,3,1,0,52920,0,2,2,4,95,2,7,2,29,77,2,42,3051,3,Stay,46.54727112709026
289,784,87895,4,1,1,140442,1,2,3,1,73,9,19,3,23,46,1,78,1153,50,Churn,82.24804425037043
290,703,46240,1,1,0,31156,0,3,1,11,117,47,2,3,31,47,2,132,2774,31,Stay,46.01925880906697
291,653,37148,4,1,0,31108,1,3,1,2,54,2,11,1,14,20,1,87,2667,33,Churn,75.03856338376148
292,539,94270,2,0,0,51845,0,3,1,10,35,29,19,3,30,10,2,73,2004,24,Stay,43.65225060873193
293,436,4757,1,0,0,22800,0,1,1,10,86,33,15,3,27,34,2,76,4470,1,Stay,46.19706468772568
294,559,19097,3,1,0,148832,1,1,3,4,74,10,13,3,16,51,2,170,4687,44,Churn,78.95506078407564
295,408,10395,2,1,1,123614,0,2,1,1,33,34,15,2,6,61,2,130,2994,15,Churn,54.397140980887784
296,632,16241,3,0,1,62712,0,1,2,13,83,44,16,3,33,33,2,79,1200,37,Stay,48.99178618362716
297,498,27696,2,1,1,22610,1,3,1,8,44,8,10,1,18,62,2,92,3761,27,Churn,65.52599339467903
298,546,70480,1,0,0,97603,1,3,1,9,33,37,16,2,16,65,1,74,1736,38,Churn,59.141633139791125
299,703,46163,3,1,0,53872,1,1,1,4,37,33,18,2,12,72,1,136,1555,48,Churn,70.04044541226781
300,607,19816,3,1,1,30728,0,4,3,10,109,47,0,3,20,90,2,82,3713,27,Stay,48.067356427318146
301,530,49840,2,0,0,115102,0,2,1,3,89,6,11,2,29,17,2,74,138,44,Stay,42.923702364841986
302,551,52853,3,0,0,115319,0,4,2,2,113,44,14,1,30,68,1,44,3184,12,Stay,47.812625768277236
303,453,24917,2,0,1,142049,1,2,1,5,25,40,17,1,26,54,1,45,4339,3,Churn,72.13433254225579
304,519,96731,2,0,0,40583,0,4,1,14,68,45,13,2,22,36,2,196,2831,30,Stay,43.13268267010661
305,560,21566,2,1,1,105774,0,1,1,3,90,19,0,3,33,61,2,82,2515,32,Stay,45.52333645643362
306,515,75452,2,0,0,27263,0,2,2,10,63,32,12,3,29,27,2,192,858,23,Stay,45.57294810408477
307,474,62823,1,1,1,146374,0,2,1,7,88,27,14,2,22,95,2,92,4442,2,Churn,50.523728467923966
308,512,20806,2,0,0,87450,0,2,2,11,25,1,6,1,13,25,2,98,3216,7,Stay,48.564907297809356
309,503,75520,4,0,0,109285,0,3,2,6,24,43,14,2,9,75,2,186,864,34,Stay,43.70047193213476
310,739,1759,3,1,1,39456,0,3,1,1,107,33,19,3,24,14,1,84,2522,32,Churn,52.818197819596755
311,653,41949,4,0,0,111118,1,4,2,12,20,40,9,3,15,91,2,88,1414,53,Churn,73.26029653403177
312,626,92374,1,0,0,85942,1,1,3,8,74,32,13,2,13,12,2,28,4402,39,Churn,61.3899805483324
313,511,2482,4,0,1,33689,1,3,1,2,88,5,5,1,27,90,1,175,4095,32,Churn,76.69001562997306
314,498,24442,3,0,0,52934,0,2,1,5,99,17,13,2,7,89,1,192,4129,43,Stay,41.491109281700226
315,552,33719,4,1,1,53276,0,3,2,9,77,8,11,1,8,79,1,45,3793,43,Stay,46.580543210589305
316,748,58066,1,1,0,136349,1,1,2,8,52,42,10,1,14,16,1,47,3285,14,Churn,55.32680273702276
317,783,93501,2,0,0,149336,0,3,1,2,78,34,19,2,12,59,2,59,2966,3,Stay,45.6381872996754
318,765,2079,4,0,0,121968,1,2,3,9,108,9,18,2,17,23,1,162,1417,46,Churn,73.03874259112273
319,737,2717,1,0,0,39873,0,4,2,5,22,23,1,1,29,47,1,153,800,32,Stay,43.91915563454156
320,593,59676,1,1,1,33050,0,2,2,10,19,35,19,1,27,88,2,46,4483,43,Stay,47.43123118938315
321,709,27952,3,1,0,86216,1,1,3,14,84,7,0,1,1,56,1,57,2301,36,Churn,70.73992974841713
322,562,86444,3,1,1,104444,1,4,3,6,91,15,7,1,34,42,1,104,1693,17,Churn,67.57143388633503
323,607,42460,4,1,0,104040,1,3,1,13,107,20,13,3,4,52,2,83,4087,48,Churn,71.70590244226346
324,568,90397,2,0,0,41644,1,3,3,3,112,25,8,2,24,38,2,49,4245,3,Churn,73.73980685954368
325,560,72847,1,0,0,82021,1,3,1,13,50,3,1,1,21,66,2,118,1330,57,Churn,58.23306396297648
326,467,93607,4,0,0,57125,0,4,3,3,115,46,4,2,33,14,2,150,2712,10,Stay,48.481921800614124
327,688,89106,1,1,1,86899,0,2,2,10,59,24,7,1,7,69,2,31,3237,53,Stay,47.43123118938315
328,797,18449,1,0,1,62291,0,4,1,8,96,34,15,2,1,79,2,110,2008,47,Stay,45.81411508814821
329,676,33536,2,1,1,55060,1,4,1,11,80,46,15,2,3,11,2,49,1890,40,Churn,63.2836483332228
330,703,64077,2,1,1,21538,1,1,1,10,68,22,12,1,15,79,1,57,3028,18,Churn,70.66224954642325
331,783,38258,4,0,0,56176,1,4,3,10,48,11,19,1,31,52,1,104,1188,3,Churn,75.0472410914541
332,791,48302,2,0,1,142430,1,3,2,12,12,48,14,2,16,13,2,79,2481,39,Churn,68.4425132046069
333,534,28865,2,0,1,61520,1,2,1,2,85,8,0,2,10,65,1,57,4227,10,Churn,74.02243736662794
334,594,6645,4,1,0,45675,1,2,1,11,16,39,2,2,29,68,2,123,3045,52,Churn,66.11281368634694
335,527,38000,2,1,0,38287,0,2,1,12,58,43,5,3,6,98,1,162,3669,9,Stay,46.29680117744456
336,432,26737,3,0,0,20174,0,3,1,12,35,35,13,1,29,18,2,165,1265,46,Stay,42.01723182049318
337,575,11485,1,0,0,112268,0,3,2,2,42,49,3,3,17,12,1,199,700,55,Stay,45.03278310262776
338,770,38565,1,1,1,54998,0,3,3,13,110,46,17,3,22,99,2,48,2125,46,Churn,50.93277500037263
339,774,25522,1,0,1,122591,0,3,2,5,57,38,14,1,24,57,1,131,1684,11,Stay,46.15387471279288
340,421,65155,1,1,0,73312,1,3,1,6,88,8,8,1,17,52,2,40,1087,33,Churn,50.946871899059744
341,637,55168,4,1,0,32112,1,4,2,12,11,37,17,3,21,10,1,164,2065,36,Churn,73.66695118576116
342,557,52487,1,0,0,125410,1,3,1,2,114,27,2,1,11,66,1,165,1539,26,Churn,67.86499620762314
343,437,12342,1,0,1,95225,1,3,3,5,80,28,9,2,7,62,2,138,4715,27,Churn,56.088607898864595
344,629,40806,1,0,1,64814,1,3,3,7,41,40,16,2,5,25,1,184,968,38,Churn,61.267662755039254
345,764,48770,1,0,0,105091,1,3,3,10,13,34,6,3,21,60,1,79,2163,22,Churn,66.80323459225382
346,450,78623,3,1,0,70719,0,2,1,10,29,32,14,3,18,84,1,185,1229,26,Stay,46.29680117744456
347,663,99785,1,1,1,149887,1,3,2,8,45,15,0,1,35,99,1,159,4478,22,Stay,47.26698335965862
348,682,75629,3,1,0,53919,1,4,3,12,41,44,10,1,20,64,1,132,4556,5,Churn,67.30585540188059
349,426,52603,4,0,0,93155,1,4,1,7,37,17,16,3,15,10,2,148,3829,35,Churn,73.92680569209894
350,625,81974,2,1,1,91569,1,4,1,8,86,33,4,3,5,99,2,77,2034,2,Churn,72.66580633058724
351,676,26399,1,0,0,61328,0,1,2,14,10,47,6,2,13,37,1,22,1176,35,Stay,47.668593574738786
352,685,85382,2,0,1,90482,0,2,3,12,69,46,18,2,12,62,2,168,1739,9,Churn,52.76574451595945
353,496,81244,2,0,0,44618,1,3,1,9,65,16,14,1,21,67,1,42,1492,51,Churn,74.9916606185897
354,683,76534,4,0,0,54675,0,1,2,5,44,29,2,2,6,82,2,156,130,51,Stay,44.052879603152675
355,766,55106,2,0,1,121794,0,3,3,13,39,9,14,1,7,69,1,102,803,49,Churn,53.25767675907227
356,716,30678,3,0,1,38919,1,1,2,5,63,33,4,1,26,68,1,74,968,18,Churn,74.27088808535387
357,703,76218,2,1,0,24173,1,1,2,11,45,49,11,1,8,31,1,129,332,43,Churn,70.56054708529882
358,546,63230,2,0,1,129369,1,4,1,10,64,29,19,2,9,17,1,135,1050,12,Churn,72.92208706096697
359,403,74055,2,1,0,46400,1,4,1,4,98,13,4,3,27,58,2,166,158,3,Churn,71.70590244226346
360,434,56373,1,1,0,70445,1,1,1,13,89,21,2,3,4,51,2,81,2918,18,Churn,61.24047468134671
361,591,31480,1,0,1,90305,0,4,2,9,67,21,8,2,21,36,2,106,3700,56,Stay,45.979680852151986
362,448,85230,3,0,0,57564,1,1,1,5,92,5,8,3,31,48,1,186,3249,38,Churn,77.92861458138486
363,416,68836,3,0,0,65814,1,2,2,14,74,10,6,1,21,92,2,119,401,7,Churn,65.98539906186977
364,571,72258,1,1,1,99747,1,4,2,2,78,6,1,3,25,34,2,46,2950,33,Churn,67.01717888853088
365,619,39986,3,0,1,108791,0,4,1,10,60,13,15,2,15,47,1,193,3044,6,Stay,44.75160927268335
366,557,24160,1,1,0,47962,1,4,3,8,31,1,8,3,35,94,1,53,2023,18,Churn,61.7506643300628
367,445,85595,4,0,1,104892,1,2,3,7,97,20,12,1,28,33,1,52,416,45,Churn,71.7632091379911
368,772,79111,2,0,1,105842,1,1,3,8,116,47,18,1,14,33,2,111,1988,22,Churn,77.50006407132969
369,405,64929,2,1,1,90533,0,3,2,12,118,46,19,2,4,69,2,115,2815,51,Churn,51.14921107325746
370,498,73506,3,1,1,76184,1,4,2,3,110,8,16,2,20,92,1,197,4885,39,Churn,70.58436255790045
371,779,34911,1,0,0,102912,1,1,2,4,62,10,5,2,34,59,2,167,1981,51,Churn,56.737505189792984
372,632,87127,1,1,0,126416,1,2,1,5,109,9,3,1,12,75,1,187,3998,9,Churn,52.50244534775973
373,436,31821,3,1,0,123591,0,3,2,6,45,49,0,3,33,23,2,114,4213,35,Stay,45.091819304518445
374,679,75039,1,1,1,30578,1,4,1,1,77,41,17,3,24,62,1,178,1278,23,Churn,73.63665725394564
375,748,60535,4,1,1,38624,1,2,1,4,45,3,18,2,20,41,2,57,3955,12,Churn,67.4939183788929
376,701,84458,2,1,1,136164,1,2,3,11,61,11,8,3,5,57,2,192,4973,52,Churn,73.02884192945581
377,580,12175,3,0,1,59194,0,3,3,12,62,12,12,3,30,48,2,60,4555,24,Churn,52.04879543560433
378,494,54771,3,0,1,129903,1,1,3,10,91,10,7,2,24,49,1,156,431,50,Churn,79.05191390115837
379,498,86925,1,1,1,20389,1,4,1,13,59,25,12,2,7,51,1,156,627,40,Churn,57.23978078504655
380,587,66358,3,0,1,119303,1,4,1,5,89,49,14,1,16,86,1,98,2159,9,Churn,72.13209793007958
381,515,17327,4,0,0,131116,0,1,1,7,50,49,10,1,15,85,2,147,1198,13,Stay,43.549408995735725
382,590,47057,1,1,0,133903,0,1,2,13,27,25,11,1,23,17,1,41,311,40,Stay,45.97698970001815
383,652,6150,1,0,1,87391,1,1,1,5,31,11,13,1,12,88,2,35,1814,54,Churn,58.51222790470595
384,560,4425,1,1,1,126429,0,3,3,13,75,36,3,3,29,35,1,51,2788,42,Stay,47.956536663899065
385,655,16032,1,1,1,33794,0,3,3,13,30,39,0,3,15,21,1,161,2430,17,Stay,44.977953975624146
386,722,2198,4,0,0,78002,0,4,1,1,109,26,3,1,29,52,2,57,3366,7,Stay,42.2488008322705
387,527,60500,1,1,0,55531,1,3,1,11,53,14,18,1,21,60,2,117,1132,17,Churn,50.946871899059744
388,417,53394,3,1,1,72815,1,2,3,7,112,39,8,2,15,91,1,155,1432,55,Churn,70.43014740257709
389,680,20079,4,1,1,24986,0,4,1,8,56,40,9,3,14,72,1,40,1940,50,Stay,48.220496586297365
390,622,36220,2,1,0,52298,0,3,3,13,48,1,3,3,16,58,2,75,4786,24,Stay,47.07340135466702
391,453,41874,2,1,0,21481,0,1,2,7,38,4,19,1,15,36,2,65,2238,2,Stay,46.518646457520425
392,457,13859,3,0,0,76408,1,2,3,11,63,30,8,3,4,18,1,62,4651,35,Churn,77.42887667887597
393,722,50460,3,0,0,89267,1,1,2,14,99,12,12,2,27,48,2,139,4191,28,Churn,74.60845709811812
394,759,31419,4,1,1,141950,0,4,1,13,94,35,11,2,23,74,1,65,543,19,Stay,47.78018683368298
395,573,8705,2,1,0,36835,0,1,1,4,26,13,10,3,29,80,1,67,4274,33,Stay,46.30599377476365
396,679,42880,2,0,0,145355,0,3,2,8,89,31,11,1,9,99,1,103,1598,21,Stay,45.88284515552844
397,513,23236,2,1,1,47798,0,3,1,5,69,38,17,3,7,80,2,50,1026,53,Stay,49.51540055817906
398,687,87955,2,0,0,111649,1,4,2,10,40,43,11,2,4,16,1,180,722,10,Churn,72.67531458598636
399,741,85514,2,1,0,84887,0,1,1,9,82,23,15,1,5,81,1,191,1579,53,Stay,43.095850346391934
400,550,15358,1,1,0,39477,1,4,3,12,104,4,4,3,5,89,2,90,3137,46,Churn,58.26817817486957
401,526,99713,3,1,1,37266,0,1,1,12,87,16,19,1,11,76,2,27,3485,45,Stay,47.780281305068705
402,554,94914,1,1,0,106328,0,2,3,10,58,7,11,1,28,19,2,149,3418,9,Stay,45.889776700647694
403,785,76918,2,1,1,105988,0,3,3,5,110,22,10,2,16,80,1,164,333,38,Churn,51.47007848506703
404,672,14596,4,1,1,147815,0,4,2,1,11,29,8,1,30,94,2,71,1717,6,Churn,50.319598114750406
405,503,33572,4,1,0,63526,0,2,1,12,57,11,17,3,4,62,2,64,2791,51,Stay,47.745925006531124
406,792,78757,2,0,0,137965,1,2,2,9,119,33,2,1,2,96,1,56,2130,53,Churn,69.54557926416548
407,698,1279,2,0,0,134615,0,4,1,12,23,29,19,1,3,66,1,189,486,42,Stay,39.218290520787505
408,645,63197,4,0,0,126870,0,4,3,5,68,39,16,3,21,95,1,63,1734,55,Stay,49.95058806662682
409,575,62516,1,1,1,147426,0,2,3,6,106,12,13,2,6,36,1,136,4233,35,Stay,49.139834170700034
410,438,7083,1,1,0,31889,1,1,1,4,108,7,0,2,18,63,2,57,1284,18,Churn,55.980246176194406
411,569,17771,2,1,0,44335,1,2,1,6,67,39,16,3,5,13,1,118,2067,53,Churn,72.28176942049066
412,646,29975,1,1,0,31254,1,4,2,12,112,42,7,3,9,97,2,143,340,19,Churn,56.699396955101214
413,425,45648,4,1,1,106610,1,2,1,8,67,48,4,2,20,32,1,25,661,5,Churn,69.93250462762536
414,754,48285,1,1,0,31442,0,1,1,3,60,26,4,1,28,57,1,87,2099,25,Stay,44.30015125210486
415,705,19063,2,1,0,66289,0,3,1,5,93,40,8,3,26,92,2,198,2029,11,Stay,46.3807500224456
416,412,67642,4,0,1,73747,0,3,2,2,11,9,2,1,18,51,2,120,2879,10,Stay,48.02435220094129
417,715,90093,1,1,1,57327,1,2,1,14,50,41,18,3,19,12,2,182,1775,17,Churn,58.285697793357336
418,790,86143,3,0,0,36199,0,1,3,2,92,34,8,2,3,12,1,153,2615,36,Stay,48.8936191799605
419,712,37599,4,0,0,92827,0,3,2,13,110,45,17,1,9,37,1,32,1777,26,Stay,44.29359421927923
420,435,51920,4,1,0,126464,1,2,2,7,91,13,15,1,31,72,2,49,4241,31,Churn,61.64048806495991
421,572,28529,3,1,0,20112,1,2,3,10,25,36,0,3,17,90,2,119,3846,32,Churn,66.9259525646682
422,419,35954,3,0,0,107051,1,1,3,13,13,25,1,1,23,40,1,21,3456,21,Churn,79.7792692381541
423,720,27856,4,0,1,39581,0,4,3,10,21,24,13,3,34,19,2,77,1751,18,Churn,52.04879543560433
424,663,2573,3,1,1,134228,0,2,1,14,38,44,13,2,5,58,2,55,4277,18,Churn,50.72366073986417
425,799,78344,2,1,0,79722,1,4,3,11,16,17,0,1,15,95,1,91,3941,1,Churn,64.12302693265055
426,541,35367,2,0,0,112036,0,4,1,10,23,2,15,3,3,30,2,192,2541,14,Stay,38.20404118868467
427,770,99608,2,1,1,117562,1,3,2,6,21,13,14,1,19,62,1,156,4985,8,Churn,66.14920667592537
428,542,60774,4,1,0,36523,1,4,2,4,108,31,14,3,28,96,1,145,694,2,Churn,73.66695118576116
429,491,23752,3,1,0,86960,0,1,3,5,14,29,11,3,3,85,1,96,2712,51,Stay,42.12880522853621
430,753,55029,3,0,0,137637,1,3,1,1,90,28,15,3,4,98,2,69,4196,15,Churn,79.98666247112524
431,721,17685,1,0,0,39552,1,3,3,7,115,27,13,2,24,63,2,51,1596,34,Churn,56.88061085024971
432,687,51693,1,0,0,143396,1,3,3,8,41,15,14,1,31,66,2,117,3655,36,Churn,56.59683487407814
433,614,55961,3,1,1,30808,0,2,1,9,83,31,14,2,11,29,2,62,4961,1,Churn,50.80149824752
434,741,76908,3,1,0,124347,1,2,3,8,52,40,18,3,1,58,1,144,4866,51,Churn,73.36048919828376
435,450,74532,3,0,0,92525,1,4,2,5,90,15,7,3,9,16,1,114,3458,21,Churn,75.67749663150562
436,552,81994,4,0,0,43620,1,3,3,3,78,33,1,2,17,38,2,97,1701,42,Churn,73.61405839368513
437,585,56133,3,0,1,124565,1,3,1,10,54,20,1,2,1,57,2,73,1014,1,Churn,70.04967712551557
438,462,97425,1,1,1,20887,1,1,1,11,115,42,9,1,3,22,2,66,1944,32,Churn,50.985648392062245
439,589,61268,4,0,1,51802,1,4,2,9,18,12,2,3,26,12,2,33,2095,20,Churn,72.42841664441116
440,524,92201,3,0,1,105024,1,1,1,6,58,37,16,2,31,11,1,195,194,54,Churn,74.12577768639812
441,549,38243,1,1,0,115549,0,4,1,5,42,9,7,3,26,25,2,74,592,47,Stay,47.50850153959829
442,713,57384,4,1,1,134737,0,4,2,13,109,23,3,3,23,15,1,176,3169,36,Stay,49.03382401819001
443,457,31653,3,1,0,138639,1,2,3,3,109,8,13,1,30,54,2,194,249,39,Churn,63.146609918700335
444,741,26657,3,0,0,138248,0,2,2,6,27,32,9,1,10,80,2,82,1146,30,Stay,43.48141952697938
445,704,39952,3,1,1,101938,0,1,3,3,18,48,0,1,8,14,2,38,2903,7,Stay,47.064349304224876
446,579,22180,4,1,1,106741,1,4,2,10,71,14,3,2,25,65,1,110,498,22,Churn,69.23411010225537
447,569,97432,1,0,1,141028,0,3,3,12,66,27,0,3,22,80,2,156,4576,57,Stay,45.32170880365628
448,725,78411,1,1,1,142746,1,2,2,6,38,25,16,2,15,41,1,120,651,50,Churn,55.77716335060888
449,670,1622,2,0,1,46049,1,3,3,4,87,13,16,2,10,58,1,56,394,45,Churn,75.8503359553526
450,453,48756,3,0,0,97789,1,1,2,2,34,21,6,1,20,22,2,126,1243,10,Churn,78.99201857623393
451,500,40809,2,1,1,104526,1,2,3,8,24,45,19,3,23,39,1,111,555,56,Churn,75.18497289793979
452,663,16725,2,1,1,27846,1,2,2,4,15,31,14,3,1,34,1,71,1653,8,Churn,74.27426807828054
453,452,61396,1,1,1,110563,0,4,1,9,51,37,12,1,2,94,1,47,268,27,Stay,42.764343159820804
454,459,51226,4,1,0,124736,1,1,3,7,38,48,1,3,19,69,2,55,4905,10,Churn,79.18919100434707
455,507,81182,4,1,1,66220,0,4,2,12,88,43,18,1,14,68,1,135,2046,14,Stay,46.580543210589305
456,404,82565,1,1,0,66163,1,2,3,2,102,5,12,2,8,94,1,83,353,46,Churn,62.669325227430896
457,502,29402,4,0,1,23765,1,1,3,4,13,13,10,2,12,37,2,37,2476,59,Churn,77.69818548108444
458,595,4263,2,0,1,137126,1,2,2,5,91,28,14,1,26,67,2,108,1420,52,Churn,65.16032377826974
459,661,96523,3,1,0,101486,0,1,3,3,66,43,9,2,27,29,1,182,2983,54,Stay,49.53792293898769
460,764,46828,1,0,1,65270,1,2,2,9,58,25,8,2,29,43,1,97,3707,11,Churn,56.94888775476639
461,771,47924,3,1,0,95277,1,3,1,13,53,35,8,1,15,14,1,186,2225,6,Churn,67.735665793341
462,749,74182,4,0,0,108278,1,3,3,5,112,47,19,2,1,91,1,109,3596,21,Churn,74.24367584112296
463,446,93065,3,0,0,146354,1,4,1,2,89,39,0,3,28,69,2,27,2340,33,Churn,73.77531908340073
464,754,59052,4,0,1,110239,0,3,3,11,84,7,16,2,3,52,2,34,500,19,Stay,46.54578962454557
465,710,11664,4,1,1,124245,1,2,3,3,23,38,11,1,18,66,1,26,2256,39,Churn,65.98386590195476
466,707,35737,2,0,1,142332,0,2,3,14,12,32,9,3,34,66,2,36,2476,24,Churn,53.32744763207104
467,543,89563,4,1,0,123159,1,3,2,9,71,3,4,3,32,84,1,105,462,18,Churn,73.66695118576116
468,668,29373,2,0,1,42931,0,4,1,7,115,45,17,2,29,63,2,137,4038,35,Stay,46.11658547577282
469,769,36397,2,0,0,109116,0,3,3,2,73,39,14,3,25,90,2,83,3951,52,Churn,55.14939741837599
470,523,86145,2,0,1,140599,1,1,2,9,111,37,5,1,26,54,1,31,3512,43,Churn,75.47838037361136
471,505,38709,1,0,0,75633,1,1,3,14,54,22,6,3,8,95,1,75,2406,37,Churn,68.87019961606609
472,557,61120,1,0,0,100702,0,1,2,4,115,8,16,2,19,46,1,193,184,19,Stay,47.668593574738786
473,546,19250,4,1,0,71913,1,3,3,13,91,17,5,2,22,93,1,194,1924,53,Churn,70.09215610381973
474,544,21172,2,1,1,139144,1,3,1,9,67,27,7,3,29,57,2,120,3985,24,Churn,72.66580633058724
475,519,11555,1,0,0,114776,1,3,1,13,29,33,11,1,33,63,2,35,407,56,Churn,55.801708855137534
476,718,87410,2,0,0,45991,0,1,3,2,67,46,13,1,35,57,1,21,4457,34,Churn,55.50927059753391
477,674,78617,3,0,0,141049,1,4,2,12,98,17,11,2,3,15,2,147,2021,22,Churn,64.17855742918192
478,491,53276,3,0,0,74845,1,2,3,10,66,42,9,2,19,43,2,111,730,4,Churn,70.19176838733537
479,457,57492,3,1,0,124092,1,3,2,12,111,12,19,1,10,72,1,124,4875,57,Churn,65.8778624126792
480,745,53002,4,0,0,118505,0,4,3,4,86,48,14,3,27,87,1,174,2471,10,Stay,49.95058806662682
481,628,89599,2,1,1,75312,1,2,2,5,77,46,6,3,15,57,2,50,3400,2,Churn,71.74588177292041
482,516,72355,3,0,1,30561,0,2,1,2,87,27,8,3,11,32,1,188,3767,8,Stay,47.9657829320065
483,717,91248,1,1,0,36901,1,2,3,10,106,48,9,3,26,93,1,183,826,33,Churn,59.641105750453114
484,678,24762,3,0,1,126041,0,4,1,1,101,8,9,1,24,22,2,66,1748,59,Stay,45.50404240564374
485,526,11046,3,0,1,115556,1,4,1,7,61,23,15,2,13,56,2,62,4412,38,Churn,67.92678301987762
486,792,96999,3,1,0,82875,1,1,3,10,46,42,6,2,32,53,1,84,1369,43,Churn,74.4321205228256
487,795,28769,4,0,0,45917,0,4,3,1,17,49,4,3,4,41,2,69,4643,59,Churn,52.95797017953318
488,528,53302,1,0,0,82120,0,4,2,11,53,29,2,1,13,35,1,20,418,28,Stay,43.552067119495234
489,457,23150,2,0,1,21988,0,4,2,11,107,20,17,1,9,62,1,163,3575,10,Stay,48.44816034808852
490,521,68247,1,1,0,133745,1,2,1,8,117,16,10,3,34,23,2,141,2878,45,Churn,57.27300289382199
491,400,4853,2,0,1,130041,1,3,2,3,14,17,14,3,7,61,2,47,3158,1,Churn,74.5103537166531
492,638,94613,4,0,0,148467,1,1,2,14,78,16,19,3,1,45,1,105,4234,34,Churn,77.40406454275778
493,689,89399,4,1,1,147400,1,3,3,10,40,19,4,2,12,17,1,101,1702,3,Churn,71.89940743105626
494,495,21792,4,1,0,34256,0,3,2,6,54,8,11,3,21,49,1,41,2356,9,Stay,47.379646406948446
495,525,59129,4,1,0,138490,1,4,1,7,18,38,3,2,11,95,2,60,929,5,Churn,65.11213795504915
496,517,74478,2,0,1,107728,1,1,2,10,115,38,14,1,14,31,1,95,955,42,Churn,75.47838037361136
497,447,67298,3,0,1,146155,1,3,1,1,41,29,8,1,34,25,2,166,2748,10,Churn,75.49983750198444
498,488,31987,2,0,1,48230,1,3,3,14,42,41,6,2,34,69,1,108,1958,12,Churn,75.8503359553526
499,636,15850,1,1,1,125466,1,1,1,6,76,36,9,2,25,69,2,197,1202,18,Churn,58.958607005809924
500,772,12112,4,0,1,79778,1,4,2,7,39,26,12,2,4,19,1,78,2581,58,Churn,70.84175900531739
501,784,24058,4,0,1,65833,1,3,3,6,85,31,7,2,26,34,2,88,1920,21,Churn,71.14780934699297
502,671,45420,1,1,0,42625,0,2,2,4,38,44,11,3,16,40,1,181,2179,21,Stay,47.71302085445395
503,588,38890,2,1,1,52088,1,3,3,1,12,12,18,1,10,30,1,186,3258,1,Churn,77.19018425788325
504,591,66017,3,1,0,99650,1,2,3,11,99,17,0,3,2,90,1,142,2540,3,Churn,65.6015375141483
505,468,47304,3,1,0,61167,1,4,2,9,66,15,15,2,35,42,1,93,3784,5,Churn,68.72931963276636
506,677,32921,1,1,1,123937,1,3,2,4,39,9,16,3,19,40,2,26,1355,25,Churn,57.34991588107676
507,748,1524,3,0,0,91291,0,1,3,7,18,39,17,3,6,99,2,120,3057,58,Churn,50.932942655814614
508,646,15048,2,1,1,85303,0,1,3,7,35,42,10,1,19,30,2,130,3751,49,Churn,51.15837513907368
509,475,35111,2,0,1,96361,0,3,2,2,11,48,17,3,8,45,2,199,2339,8,Churn,52.43643463901751
510,553,37904,1,0,0,108229,0,4,1,1,71,12,6,1,14,74,2,71,2039,17,Stay,42.23660125231381
511,543,54912,2,1,0,24117,0,4,2,8,12,32,17,2,10,13,1,43,369,9,Stay,46.630111891811495
512,485,34008,4,1,1,110265,0,1,3,8,55,25,7,3,3,77,2,45,4930,32,Stay,47.0136390007464
513,584,60,1,1,1,148938,1,3,2,7,77,39,5,2,29,99,2,144,4164,6,Churn,53.704035494792656
514,684,74666,2,0,0,117718,0,4,1,14,34,18,6,1,15,13,2,109,3875,49,Stay,43.588716020805826
515,619,83559,1,1,0,80710,0,1,2,8,60,15,9,2,23,18,2,141,1212,40,Churn,50.71760179354583
516,468,55337,3,1,0,114426,1,2,3,3,22,32,10,2,23,39,1,29,748,21,Churn,67.76854124838603
517,446,13350,2,1,0,114876,0,3,2,11,112,6,12,1,18,54,1,36,1279,7,Stay,43.62498829721077
518,493,24354,4,1,1,87054,1,2,3,2,53,44,8,2,19,13,1,21,2242,7,Churn,76.73712433142127
519,637,45186,2,1,1,50949,1,2,3,7,44,43,6,2,28,78,1,131,116,47,Churn,70.43014740257709
520,603,28145,1,0,1,42547,0,4,2,8,64,35,8,2,26,32,2,46,216,39,Stay,45.979680852151986
521,799,34020,1,0,1,101882,1,4,3,1,96,34,12,3,10,25,2,90,1645,54,Churn,66.91645939471678
522,617,86123,2,0,0,88136,0,4,3,12,18,38,2,2,4,31,1,195,3251,27,Stay,49.33055198582325
523,740,75186,4,1,0,131541,0,3,1,10,11,5,2,1,2,81,1,137,2793,8,Stay,37.48479767031823
524,438,85469,4,1,1,136883,1,2,1,9,70,18,0,3,3,57,2,28,4189,9,Churn,66.85743015290775
525,499,20581,4,1,1,84619,1,3,1,13,50,16,19,3,7,71,2,105,1376,28,Churn,72.66580633058724
526,688,88929,1,0,1,81842,0,4,1,11,53,8,1,1,16,69,1,42,3340,15,Stay,44.77779360519218
527,653,23051,2,1,1,114803,1,2,3,4,73,25,2,2,31,89,1,92,3888,2,Churn,70.99829524256293
528,621,51474,3,1,1,121858,1,3,2,14,40,32,14,3,10,14,1,46,471,7,Churn,75.22562514873334
529,756,91748,1,1,1,46990,0,3,3,12,117,26,5,3,19,89,1,112,2907,47,Stay,49.56028791372813
530,422,69626,4,0,1,36193,0,1,3,14,56,22,12,3,28,16,2,100,255,18,Churn,53.79895023082629
531,649,6960,2,1,1,50109,1,3,3,4,11,31,0,2,17,60,2,103,2761,22,Churn,70.80775715846092
532,409,35772,4,0,1,39233,0,4,2,3,105,43,19,3,28,74,2,62,564,50,Stay,47.23812105497596
533,645,21520,3,1,0,133557,0,3,1,6,91,10,18,1,19,18,1,26,4978,10,Stay,41.792897995142894
534,724,49481,4,0,1,101730,0,2,3,1,86,12,0,2,23,91,2,111,4999,54,Churn,50.04701286917512
535,499,36408,4,0,0,148133,0,3,3,6,119,28,1,1,20,54,2,102,4415,50,Stay,49.796366985924415
536,689,94006,3,0,0,54510,0,1,1,2,78,6,14,1,13,56,1,103,1873,33,Stay,46.7878629967709
537,579,57134,2,1,1,21306,0,2,3,9,67,20,13,3,13,76,1,63,216,7,Churn,51.88448199030514
538,622,20491,1,1,1,23849,0,2,2,2,115,5,18,3,11,33,1,186,2203,3,Churn,51.817219994152396
539,793,1341,2,0,0,32360,1,1,3,7,53,23,10,3,15,19,1,59,1474,14,Churn,82.99584725768521
540,649,44623,3,0,0,131072,0,4,3,12,83,9,14,1,17,82,1,154,3303,44,Stay,49.08336209859767
541,546,90327,4,1,1,142207,1,2,1,1,65,29,5,2,28,86,1,44,4503,46,Churn,79.68092881744528
542,495,338,2,1,0,114767,1,4,3,12,52,16,19,3,19,57,2,78,3646,36,Churn,73.46462841218701
543,656,71431,1,0,1,65800,1,2,3,7,98,46,8,3,4,44,2,160,4077,13,Churn,60.538756965150334
544,724,12254,3,1,1,148442,0,2,2,5,43,22,4,1,22,63,2,122,4417,16,Stay,47.743571209943916
545,403,51860,2,1,1,56963,0,4,1,8,110,8,19,2,22,96,2,105,1296,16,Stay,49.2033707620272
546,415,11344,1,1,0,74330,1,2,1,4,39,20,1,1,34,90,2,131,3511,54,Churn,52.04209696462425
547,679,1750,3,1,0,71707,0,4,2,12,80,14,5,3,33,80,2,105,896,5,Stay,48.614780735559755
548,735,54756,1,0,1,38689,1,1,3,10,79,39,17,1,33,25,1,117,3992,52,Churn,63.401094975833274
549,646,67957,3,1,0,49084,0,4,1,7,64,37,18,3,12,62,1,81,250,25,Stay,44.997042770482274
550,657,58053,4,1,0,60387,0,1,1,6,76,34,8,2,2,49,1,27,3349,38,Stay,41.26571207804935
551,783,70855,2,0,0,94816,1,2,3,5,22,11,5,1,28,29,2,132,211,38,Churn,71.49247730730525
552,559,15896,1,0,0,22642,1,4,3,4,12,40,13,3,10,97,2,192,782,50,Churn,61.16042455597424
553,739,55761,3,1,0,62137,1,2,1,7,35,33,12,3,22,78,1,165,1261,38,Churn,72.28176942049066
554,551,62552,1,1,0,99832,0,4,3,12,66,31,10,3,17,54,1,79,2479,39,Stay,47.93418270304532
555,795,77454,1,1,0,75561,1,1,1,5,33,44,11,3,26,15,1,79,260,56,Churn,63.10830437228972
556,577,90600,2,1,1,82260,0,1,3,5,62,34,18,1,3,78,1,125,1525,56,Stay,41.65185729439503
557,562,27935,4,0,0,35438,0,4,3,1,79,7,18,3,7,58,1,21,3761,48,Churn,54.17365418818099
558,779,37641,1,0,0,68442,0,1,2,2,52,49,18,1,8,48,2,110,377,41,Stay,48.95163749628601
559,432,29711,3,0,0,123061,1,2,3,5,69,23,12,3,20,11,2,33,3491,26,Churn,74.97966830488225
560,578,70342,3,1,0,22994,1,2,2,13,67,46,13,1,12,48,2,67,1656,59,Churn,61.64048806495991
561,500,12182,4,1,0,143439,1,3,3,3,58,7,17,1,35,30,1,122,4692,13,Churn,67.30585540188059
562,667,87833,3,1,0,145844,0,1,1,14,51,25,11,3,17,49,2,75,2015,44,Stay,47.953169342488344
563,722,56276,4,1,0,133530,0,2,1,13,85,3,3,3,28,91,1,31,4850,51,Stay,44.70505652032542
564,464,19541,3,0,0,119575,1,4,3,2,109,38,9,3,10,63,2,74,3207,26,Churn,81.13150360753963
565,567,94457,2,0,1,21813,0,1,3,14,75,20,16,3,22,21,1,175,402,55,Churn,55.48791405657094
566,729,82310,1,1,0,113027,0,2,1,14,20,34,3,2,33,90,1,129,4633,55,Stay,45.75034300105714
567,442,44813,2,0,0,143489,1,1,3,4,112,49,11,3,22,46,2,23,2873,1,Churn,82.86361089970427
568,443,37198,1,1,0,104381,1,4,2,4,107,44,12,3,13,47,2,55,4381,8,Churn,56.699396955101214
569,684,8820,1,1,0,138808,1,2,2,4,99,44,3,3,27,24,2,197,3345,4,Churn,53.868148300707574
570,796,24070,1,0,1,75276,0,3,2,4,27,30,9,1,15,16,2,150,4868,21,Stay,45.98278998766697
571,411,69768,2,1,1,61243,0,3,2,3,94,17,2,3,22,87,2,20,1100,22,Churn,50.51651928108279
572,494,11122,1,1,1,82912,0,1,2,13,109,10,14,1,30,59,1,36,3934,51,Stay,47.544360493633015
573,701,80559,2,0,1,80272,0,4,3,12,113,35,1,1,34,74,2,81,4106,53,Churn,51.95411691710419
574,785,73543,4,1,1,122700,0,2,3,7,61,20,16,1,34,76,2,67,4878,58,Stay,49.346953453131206
575,652,83441,3,1,1,62051,1,4,2,9,55,18,5,1,35,53,1,81,1818,37,Churn,66.14920667592537
576,641,41786,3,0,1,98854,0,2,3,12,53,45,7,2,19,40,2,88,3930,49,Churn,51.163481670093624
577,434,94934,1,1,1,102736,0,1,3,5,31,44,2,3,8,52,1,166,3281,3,Stay,49.62058941932746
578,614,99804,2,0,1,141992,0,2,2,4,62,27,17,1,33,86,2,122,2982,19,Stay,47.896798911430835
579,736,6737,3,1,1,142019,1,4,3,11,68,49,0,3,28,57,2,129,1098,1,Churn,72.70670455219806
580,489,36062,2,0,1,85618,1,4,3,2,103,36,15,1,25,91,1,181,384,29,Churn,79.36071265505991
581,663,54237,2,0,1,21920,1,1,3,2,116,23,6,2,17,90,2,196,520,23,Churn,83.1329466608977
582,492,51571,1,0,1,126121,0,4,2,5,39,32,2,1,24,90,2,194,2260,33,Stay,44.52416402690948
583,489,25510,3,1,1,97219,1,2,3,7,17,10,3,3,21,70,2,110,3165,55,Churn,71.74588177292041
584,514,19426,1,0,1,96872,1,1,1,10,107,11,8,3,2,84,2,133,2375,52,Churn,60.934955181856274
585,504,37265,1,0,1,101132,1,2,1,10,66,38,4,2,31,93,1,197,1594,41,Churn,58.90314051043028
586,790,17850,3,0,0,22093,0,4,2,9,82,6,18,3,33,19,1,108,3984,23,Stay,45.15123761324856
587,595,66150,3,0,1,32905,1,1,1,13,29,41,14,3,30,38,2,173,4723,5,Churn,76.73751727251927
588,713,87312,4,0,0,141759,0,2,2,7,113,47,7,1,12,57,2,75,2643,7,Stay,43.48141952697938
589,513,89613,4,1,1,44351,0,4,1,5,34,34,5,3,12,90,1,97,4226,57,Stay,48.220496586297365
590,474,74910,2,1,1,50981,1,4,1,10,28,36,17,1,24,71,1,33,4357,58,Churn,67.9823594634827
591,775,52375,3,1,0,93903,0,3,1,10,14,37,18,2,24,22,2,44,1941,6,Stay,46.04181549027498
592,616,35435,4,1,1,90821,1,4,2,10,84,17,14,3,11,53,1,151,4900,49,Churn,75.22562514873334
593,676,96443,2,1,0,129200,0,2,2,6,88,40,6,1,13,56,1,51,821,22,Stay,43.275225958659156
594,648,57132,2,1,0,123241,1,1,3,11,81,40,9,3,27,73,1,101,1501,49,Churn,78.64874599927623
595,563,78945,2,1,0,102289,1,3,2,12,92,12,5,1,8,62,1,97,545,13,Churn,65.8778624126792
596,793,82050,4,0,1,136506,1,4,1,3,96,21,13,2,10,99,2,125,2891,12,Churn,67.92678301987762
597,756,95402,3,1,1,104021,0,4,1,5,36,40,16,1,8,86,1,39,4622,4,Stay,44.769900353209735
598,591,2983,1,0,1,98513,1,4,2,8,49,19,8,3,20,85,2,93,3867,8,Churn,55.363428046198
599,626,97241,2,0,0,39874,0,2,2,1,105,3,18,1,8,53,2,29,2651,37,Stay,46.74250728013447
600,576,20662,4,1,0,70931,1,3,2,12,35,18,4,3,9,37,1,142,2067,31,Churn,73.66695118576116
601,498,23510,4,0,1,27674,0,2,3,1,36,19,6,2,7,11,2,53,3988,37,Churn,52.22053957298179
602,435,78187,1,0,1,70516,0,3,1,7,71,47,18,1,14,66,2,174,4916,45,Stay,44.30464551015497
603,495,40998,1,0,1,141982,1,1,3,14,92,6,19,3,28,66,1,59,2831,26,Churn,69.11236713023932
604,551,56846,4,0,1,148408,1,2,3,5,59,16,6,3,2,43,1,146,2729,43,Churn,74.11333786943088
605,550,94071,3,1,1,114574,1,2,1,14,51,8,1,3,8,96,1,52,2064,8,Churn,75.15717128758855
606,589,6640,1,1,0,80686,1,1,1,5,38,48,15,1,13,67,2,90,1157,40,Churn,55.58192998947862
607,623,44547,4,1,0,114851,1,3,2,1,48,18,12,1,21,61,2,156,4931,33,Churn,74.62062197361205
608,436,54620,1,1,0,89212,0,4,2,9,69,48,7,1,28,38,2,163,857,45,Stay,46.01817550147457
609,667,15317,3,1,1,22426,1,1,3,1,50,43,5,2,35,44,2,152,1895,29,Churn,83.50054978455879
610,768,7564,2,1,0,142952,1,4,2,5,42,39,5,3,23,84,1,117,1743,5,Churn,73.66695118576116
611,582,27345,1,1,0,110009,0,4,2,10,92,49,8,3,15,57,2,143,4949,28,Stay,49.3795955846209
612,412,94223,3,1,0,88498,1,1,1,9,110,49,3,2,2,42,1,170,123,53,Churn,67.27907030579391
613,678,79273,4,1,0,49943,1,3,1,14,92,12,10,2,12,84,1,62,1339,40,Churn,68.21410302259942
614,616,74859,1,1,0,86395,0,4,2,4,106,45,4,1,3,82,1,133,4250,17,Stay,38.321635981893046
615,754,80765,1,0,1,64816,1,1,1,13,25,10,16,1,5,87,1,108,3197,55,Churn,62.801944818388435
616,760,74038,4,1,0,24138,1,2,2,8,32,7,19,1,3,18,2,198,1404,23,Churn,56.997053759385764
617,685,52393,2,0,1,120728,1,2,1,6,16,46,6,1,19,57,1,32,2642,45,Churn,72.13433254225579
618,672,66081,4,0,1,111176,0,2,1,11,35,1,14,1,2,76,2,147,3812,9,Stay,41.78231881018953
619,768,29430,1,0,1,95945,1,1,1,3,105,49,14,1,17,92,1,171,4055,2,Churn,62.801944818388435
620,461,75532,4,0,1,24017,0,2,1,4,21,36,13,2,14,45,1,158,4629,32,Stay,44.601422512716475
621,483,27788,3,1,1,30451,1,4,2,2,81,21,12,2,28,80,1,71,4403,51,Churn,76.66515077875981
622,767,95505,4,0,0,82956,0,2,3,1,14,37,10,2,27,53,2,36,4328,52,Stay,49.7720332011106
623,616,48543,1,1,0,113863,1,2,1,13,115,24,12,3,10,91,1,184,1405,49,Churn,60.00674442651034
624,741,13919,4,1,1,30278,0,4,2,14,101,25,8,3,3,69,1,32,4564,31,Stay,42.66744350590964
625,796,69346,2,0,1,110480,0,2,2,8,78,7,9,1,25,72,1,103,3274,7,Stay,48.19948244374097
626,586,96122,4,1,1,63764,0,4,1,1,58,42,3,2,22,14,1,116,3728,30,Churn,50.214440833785844
627,418,39974,2,0,0,143030,0,2,3,14,35,17,16,3,30,96,2,125,881,58,Churn,50.37595400596713
628,576,16371,3,0,1,21134,0,4,1,13,14,29,13,3,21,95,2,115,666,3,Stay,44.91626470247042
629,499,45084,2,1,0,82943,0,2,2,11,31,30,17,2,30,99,1,27,4722,51,Stay,46.32518898283858
630,795,29629,4,1,1,115667,1,4,3,1,88,7,10,3,28,85,1,75,4232,51,Churn,82.883514456406
631,632,51184,1,0,0,74318,1,1,2,4,22,33,15,3,31,49,2,123,4373,56,Churn,60.96479548070791
632,475,61916,2,1,1,123423,0,4,1,10,37,7,0,2,26,28,2,102,738,9,Stay,43.94712411079178
633,664,73972,3,1,0,123998,0,2,3,12,42,24,6,3,22,56,2,63,3800,10,Stay,49.80471805955043
634,683,62187,2,1,1,80128,0,2,2,10,116,11,9,2,21,74,1,122,4267,46,Stay,49.652232848742294
635,605,12984,2,0,0,108056,0,3,2,6,32,9,8,3,1,76,2,131,2499,50,Stay,44.72837283173499
636,622,33039,2,0,0,41869,1,4,2,9,106,12,2,2,13,27,1,188,2770,58,Churn,73.07392885703415
637,783,85431,3,1,0,122468,0,1,1,1,116,35,13,3,21,59,2,168,1272,47,Churn,53.133188621791504
638,451,83691,4,1,0,137034,1,4,3,7,27,4,14,3,9,39,2,61,1820,26,Churn,73.46462841218701
639,738,58606,2,1,0,25039,1,4,1,10,39,36,1,2,17,75,1,176,204,1,Churn,72.19753175552762
640,766,10616,2,1,0,41281,0,1,1,11,35,28,13,3,21,14,2,164,1782,30,Stay,47.953169342488344
641,543,50072,1,1,0,132935,0,4,1,5,25,13,15,2,31,51,1,49,4416,57,Stay,45.82076334037907
642,772,24574,3,0,1,30442,1,1,3,12,86,23,6,2,22,93,2,45,1949,38,Churn,77.69818548108444
643,468,3430,2,1,1,93788,1,1,1,8,48,19,3,3,12,14,1,144,962,15,Churn,75.84182762245702
644,498,12676,3,0,1,139729,0,4,1,14,42,42,17,1,6,59,2,38,3545,25,Stay,44.6865321166666
645,795,10816,2,1,1,47586,0,4,1,7,35,37,4,3,16,94,2,72,2665,6,Stay,49.51540055817906
646,424,32733,4,0,1,73053,0,2,1,4,57,39,5,1,26,67,1,104,398,18,Stay,44.78439741042472
647,778,85680,4,1,0,70489,1,2,2,4,74,24,6,1,5,88,1,36,3008,1,Churn,64.84792962232999
648,452,2050,2,0,0,103104,1,3,1,6,47,16,14,3,9,93,1,193,4237,56,Churn,77.3843734715285
649,550,33933,4,1,0,106346,0,3,2,6,11,33,0,1,14,17,1,123,870,3,Stay,40.821559238266545
650,543,24951,2,0,0,87087,1,4,1,9,15,12,3,2,30,40,2,124,2639,17,Churn,69.32761678441942
651,456,32413,4,0,0,32625,1,1,3,12,55,34,0,2,26,21,2,123,1562,48,Churn,75.15747110507107
652,438,34801,1,0,1,54397,0,3,2,5,59,7,10,1,29,30,2,192,3954,8,Stay,45.98278998766697
653,508,55619,1,0,1,78671,0,4,2,8,47,11,17,2,19,71,2,196,3218,49,Stay,45.979680852151986
654,580,32913,1,0,1,136214,1,3,2,5,115,31,13,3,8,99,2,166,2232,40,Churn,55.363428046198
655,441,40600,3,0,1,111785,1,1,2,2,97,29,10,2,23,42,2,143,1809,17,Churn,79.22099541024195
656,585,57775,3,1,0,86897,0,4,3,6,27,13,9,1,35,35,1,100,1090,25,Stay,45.209718916632376
657,797,90816,1,0,0,46149,0,1,1,9,36,31,16,3,31,99,2,56,810,41,Stay,46.082488794074436
658,622,90093,3,1,0,80030,0,4,2,13,50,2,3,2,35,49,2,140,4404,12,Stay,45.344408144457695
659,521,35400,4,1,1,89906,0,3,3,3,81,39,14,3,32,74,1,89,138,29,Churn,52.24195696986952
660,532,4494,2,1,0,25283,0,2,2,1,101,15,15,1,5,68,2,173,1375,25,Stay,47.37767223908673
661,562,80688,2,1,1,27610,1,3,1,1,83,11,12,2,16,24,2,149,4957,51,Churn,78.00551089604653
662,614,89431,2,1,0,63326,1,3,2,13,26,34,8,3,17,10,2,78,1536,36,Churn,72.19450502143603
663,620,74691,1,0,0,34924,1,2,3,3,71,39,10,3,32,20,1,137,3093,53,Churn,65.97377743965502
664,634,97419,3,0,1,133143,1,2,1,10,38,4,10,2,32,64,1,152,1569,54,Churn,70.20722785210745
665,730,43001,4,0,0,130253,0,4,3,5,67,11,5,3,20,11,2,56,2199,25,Stay,49.4003655827537
666,545,67364,4,1,0,96162,0,4,1,3,79,29,0,3,2,74,1,50,473,29,Stay,39.01999515903608
667,638,45028,1,0,1,120297,0,1,1,9,87,2,5,1,20,53,2,118,4351,11,Stay,44.6615005493911
668,475,97659,4,0,0,20869,1,1,1,8,31,16,12,1,18,25,2,113,4125,4,Churn,74.67412090930978
669,408,37573,4,0,1,117088,1,3,2,3,15,39,4,1,1,31,2,195,1213,14,Churn,64.11541386992914
670,473,806,4,0,0,21014,1,2,3,9,35,13,14,1,29,27,1,25,2826,46,Churn,73.00561114889145
671,652,56638,4,0,0,30103,0,1,3,13,48,37,17,1,29,56,2,34,2498,38,Churn,50.2504436162988
672,629,29757,3,1,0,102522,1,3,3,6,21,17,19,1,19,90,2,162,3334,17,Churn,65.6163243444979
673,406,34636,4,0,0,130317,0,2,1,13,108,21,13,2,6,39,2,35,1365,2,Stay,41.358615719288636
674,573,80097,2,1,0,116007,0,4,2,7,23,44,14,1,8,19,2,39,3223,8,Stay,44.958228500644736
675,540,48280,1,1,0,53458,0,3,1,4,31,19,4,3,24,67,2,96,753,36,Stay,47.50850153959829
676,567,24262,3,1,0,110605,0,4,3,4,60,7,3,2,20,71,1,63,4258,10,Stay,46.630111891811495
677,569,80435,4,1,0,102409,0,1,2,12,32,38,1,3,14,94,2,189,608,7,Stay,49.576604900637065
678,792,62211,3,1,1,43248,0,1,2,13,57,8,6,1,5,89,1,65,2439,36,Stay,47.99355401062576
679,682,54842,4,0,1,109160,1,2,2,2,80,13,9,1,34,15,2,114,3262,16,Churn,70.39376515742401
680,521,56979,2,0,0,63516,0,3,3,5,113,37,15,3,16,76,1,181,1787,14,Churn,51.55496524135786
681,593,81470,1,0,0,49061,0,4,2,8,59,2,9,3,7,50,2,83,1488,16,Stay,43.92411238440593
682,404,38197,4,1,1,44170,1,2,2,7,98,41,17,3,16,52,2,176,2297,25,Churn,71.74588177292041
683,428,41844,4,0,0,28024,0,1,1,7,22,11,16,2,7,94,1,150,4011,41,Stay,43.06575534168401
684,564,64754,4,0,0,102214,1,1,1,6,94,24,12,1,27,86,1,28,3028,4,Churn,75.57084163026168
685,738,34157,4,1,1,123792,1,3,2,3,114,6,0,3,14,27,2,172,4899,29,Churn,70.23277404532752
686,535,77129,1,1,0,105947,1,4,2,5,19,26,0,1,14,67,1,61,615,56,Stay,47.07242727273642
687,764,40042,1,1,0,63803,0,3,1,13,64,7,14,3,33,69,1,193,3758,6,Stay,45.9984060418039
688,720,61665,2,1,1,39296,0,4,1,1,18,39,0,1,33,97,2,92,1933,1,Stay,47.64316176826723
689,741,82856,1,0,0,111829,1,4,1,7,88,19,5,2,20,36,2,103,129,39,Churn,54.025942353523725
690,544,27376,4,1,0,112708,0,3,3,9,61,6,12,1,7,77,2,78,3314,1,Stay,46.76963819157889
691,726,55554,2,1,1,106664,0,2,3,1,11,43,0,3,32,31,2,40,425,51,Churn,53.031361761559836
692,616,14199,2,0,0,38257,1,3,1,13,34,29,4,1,3,33,2,169,3866,40,Churn,69.96383643419784
693,700,81412,2,0,1,32855,1,3,2,2,22,43,8,2,29,49,1,176,4211,57,Churn,77.6987911618798
694,531,50948,4,1,0,105178,0,1,1,3,107,39,16,2,24,83,2,82,210,3,Stay,47.62433218309645
695,691,73781,3,0,0,149876,1,1,3,3,60,2,15,1,22,75,1,92,206,1,Churn,82.13873773364814
696,469,72750,4,1,1,121121,1,3,2,8,67,19,7,3,6,49,2,80,2526,1,Churn,74.39589186790178
697,651,66262,1,1,1,143324,1,3,3,7,43,4,16,2,24,15,2,83,4478,39,Churn,55.29577533165004
698,674,46600,1,0,0,40025,0,1,2,6,44,6,14,2,23,27,1,88,4464,21,Stay,47.668593574738786
699,763,76898,4,0,1,24458,0,4,3,10,111,49,0,1,10,90,2,187,2631,45,Stay,47.29635024554253
700,581,62483,4,1,1,83610,0,3,2,10,12,37,11,2,16,96,1,148,3244,30,Stay,49.865623847192346
701,566,18297,2,1,0,90843,1,2,2,11,115,28,4,2,11,39,1,125,4793,32,Churn,66.35065377607032
702,490,30448,4,1,0,127237,0,2,2,4,68,30,5,3,32,30,1,84,898,33,Stay,46.86526927022119
703,601,26172,2,0,0,103961,1,2,2,9,79,7,0,3,6,71,2,141,2537,48,Churn,66.67254759533822
704,745,42874,1,1,1,69831,0,3,3,1,57,9,0,3,24,19,2,81,2111,22,Churn,50.44715988993291
705,418,7657,2,1,1,63427,0,4,3,11,73,25,9,1,33,22,2,122,525,30,Stay,49.48722340070971
706,438,84386,4,1,1,113809,1,4,2,2,28,33,9,2,12,85,2,79,3144,54,Churn,74.85382839071438
707,525,25425,1,1,1,58506,0,1,2,14,76,1,2,1,27,18,2,65,3388,46,Stay,43.00217589247827
708,572,26685,3,1,0,25668,1,3,3,4,91,6,16,2,18,77,2,24,3014,4,Churn,68.51008067543144
709,540,24578,2,0,1,111470,0,4,2,3,112,18,18,2,13,48,1,132,1339,23,Stay,48.54928705158885
710,641,28831,1,1,0,67195,0,3,2,1,82,10,10,2,30,33,2,169,3491,55,Churn,51.38021423974778
711,619,7906,2,1,1,93233,1,1,2,5,85,28,17,3,13,43,2,89,4313,44,Churn,79.12529882373653
712,525,61413,1,1,0,44417,1,1,1,7,14,11,1,1,34,70,2,179,4097,25,Churn,56.99998929181525
713,457,54028,1,1,0,101982,1,1,2,2,76,33,8,1,30,50,2,30,3106,12,Churn,61.6993958523426
714,547,7287,2,0,0,126133,0,2,1,5,20,1,16,2,25,14,1,157,3139,17,Stay,43.49925769756031
715,716,33660,3,0,1,30751,0,3,2,6,103,13,13,1,2,88,1,186,698,53,Stay,43.66721788899831
716,782,75758,1,0,0,66218,0,1,3,11,77,37,3,3,18,59,1,117,2187,15,Stay,49.633147993489416
717,760,60504,1,1,0,146649,1,3,1,7,78,20,16,1,5,13,1,50,1284,10,Churn,54.59517984724486
718,400,59720,1,1,1,27352,1,2,1,1,10,1,16,2,19,60,1,31,2850,35,Churn,72.07503769186611
719,786,34701,3,0,0,99052,1,2,2,7,100,3,11,3,18,61,2,127,2684,55,Churn,71.19641835585018
720,747,83300,3,0,1,108835,0,1,2,4,101,18,19,3,32,48,1,99,4859,52,Stay,49.09069726729282
721,589,17674,4,0,1,117493,0,1,1,8,72,41,17,2,21,17,1,185,3613,52,Stay,46.20043535900952
722,590,83560,2,1,0,48927,1,4,3,13,38,14,2,1,10,54,2,86,4845,29,Churn,66.23048661602968
723,768,23874,3,1,0,61094,0,3,3,4,91,31,10,2,22,97,2,71,4154,12,Stay,49.61598103262243
724,711,43642,2,0,1,121948,1,1,2,6,21,27,17,1,13,37,1,152,4483,1,Churn,76.50878780433942
725,516,97820,4,0,0,74122,0,4,3,9,86,17,3,1,17,36,2,158,4036,1,Stay,47.427907344885796
726,533,65160,2,0,1,49493,0,3,3,5,50,46,16,3,9,74,2,44,1799,10,Churn,53.64832657201508
727,457,17602,3,1,1,112247,1,1,2,14,11,29,17,2,24,43,1,54,4607,18,Churn,75.57180939367531
728,443,88801,2,1,1,93539,0,4,3,12,46,36,4,3,14,90,2,182,2675,47,Churn,53.303361366337064
729,572,25931,3,1,0,51707,0,4,2,4,54,37,13,2,8,71,1,41,235,2,Stay,46.630111891811495
730,559,94377,2,0,1,88814,1,3,1,8,89,26,9,2,19,71,1,184,2125,49,Churn,72.92208706096697
731,572,29192,3,0,0,27296,1,4,2,13,57,17,14,3,28,47,2,115,3635,8,Churn,73.26029653403177
732,716,46542,3,1,0,45398,0,3,1,9,33,22,0,2,30,35,1,136,4954,22,Stay,40.68232682792671
733,702,42520,2,0,0,55842,1,3,1,4,108,25,15,2,7,33,1,39,2990,22,Churn,73.42386953156377
734,548,64772,4,1,0,33261,0,3,3,3,31,2,10,1,26,48,2,125,2857,26,Stay,47.16259586454423
735,479,58762,1,0,1,96709,1,2,3,8,109,22,19,2,11,30,2,23,3873,26,Churn,56.93261440419835
736,773,50106,4,0,0,115985,0,4,3,14,20,5,5,2,14,56,2,37,480,9,Stay,48.481921800614124
737,612,81121,2,0,1,126616,0,3,2,5,67,4,15,3,21,57,2,70,1628,21,Stay,48.84039365560533
738,602,25559,4,0,1,76704,1,1,3,2,55,36,1,3,8,22,1,39,4671,31,Churn,83.22608585815978
739,651,33742,3,1,0,87173,0,2,1,10,38,6,0,2,3,12,2,141,3728,52,Stay,37.428466034188354
740,628,69669,1,0,1,51781,0,2,3,9,44,21,8,1,28,41,2,156,948,43,Churn,50.708081717789874
741,563,80199,2,1,1,33652,1,4,3,3,24,13,11,1,29,44,1,99,4227,6,Churn,67.57143388633503
742,626,21754,2,1,0,25103,1,3,2,12,69,37,16,3,23,28,1,173,2027,56,Churn,73.66695118576116
743,546,3972,2,1,1,45500,0,4,2,2,104,25,14,2,18,23,1,121,2265,14,Churn,51.2207992125306
744,419,70831,1,0,1,135332,1,2,1,1,51,26,18,2,35,57,1,44,4386,33,Churn,66.00010093463608
745,446,41873,3,1,1,120336,1,3,2,14,114,39,9,1,13,95,2,188,2221,7,Churn,63.55261290076374
746,632,94661,2,1,1,55529,0,1,3,8,52,20,11,1,12,90,2,78,4818,24,Churn,51.15837513907368
747,704,9903,4,1,0,133499,0,3,2,11,89,33,13,1,5,77,1,64,3018,9,Stay,43.62498829721077
748,413,3020,2,0,1,38452,1,2,1,3,83,14,8,3,11,54,1,60,4781,11,Churn,75.97489469162615
749,542,41755,2,0,1,69393,1,1,3,7,58,36,12,2,11,28,1,57,572,56,Churn,80.09516207230392
750,400,85956,2,1,1,51174,1,3,1,1,73,17,2,3,31,73,1,136,1887,23,Churn,82.30948045813278
751,772,86988,2,0,1,84450,0,1,2,1,41,21,13,2,31,75,2,38,213,48,Churn,51.504223914666504
752,453,45648,3,1,0,55436,0,1,2,12,73,46,9,3,13,88,1,33,1436,51,Stay,48.48277995783271
753,773,9516,4,1,1,67406,0,2,1,9,11,16,15,2,14,75,2,146,438,2,Churn,50.72366073986417
754,658,2396,3,0,0,83059,0,1,3,12,33,46,6,1,25,84,1,168,2385,15,Churn,50.16162540136718
755,543,84082,4,1,1,35954,0,4,2,8,96,16,3,1,33,54,2,162,1296,35,Stay,46.284310618888505
756,411,19129,2,0,0,102722,0,2,2,12,75,20,19,1,33,96,2,22,178,36,Stay,45.06510385530989
757,729,1591,1,0,0,139747,0,4,3,13,47,29,10,3,15,83,2,56,4659,52,Stay,48.11674538627796
758,623,11303,3,1,0,32356,1,1,2,3,40,28,15,1,16,76,2,136,2752,54,Churn,70.97671994947947
759,671,30561,1,0,0,148128,1,4,1,6,113,8,19,2,6,78,1,193,4757,28,Churn,59.141633139791125
760,757,71719,3,0,0,118499,0,3,2,11,35,24,3,3,25,12,2,35,4480,39,Stay,43.02657133842857
761,555,92108,2,1,1,22187,0,1,2,3,38,3,16,2,15,47,1,161,4418,44,Churn,51.267983250236085
762,772,99616,3,1,1,97243,0,3,3,13,76,25,12,3,4,86,2,28,2740,4,Churn,53.303361366337064
763,407,86231,2,0,1,55098,1,4,1,12,87,19,10,2,4,51,2,26,1356,10,Churn,69.30897703639835
764,521,7314,3,0,0,112471,0,3,3,4,34,33,2,2,30,92,1,161,927,6,Stay,47.72720052523759
765,747,19623,2,1,1,41225,1,1,2,1,57,2,8,3,34,49,1,153,2818,57,Churn,83.99209164438179
766,563,67675,2,0,0,23606,1,3,2,5,74,15,5,3,27,59,2,34,2910,30,Churn,74.49893234768851
767,489,96826,4,0,0,148664,1,4,3,1,62,22,10,1,31,44,2,199,3485,54,Churn,79.44735571829005
768,535,65082,2,0,1,77620,1,4,3,13,76,10,15,1,32,33,1,91,2065,46,Churn,74.41913253701661
769,585,83624,4,0,1,52828,1,4,3,1,99,18,18,2,9,97,2,181,2527,35,Churn,78.54251585586228
770,715,33130,2,0,0,146270,0,1,1,10,27,22,4,2,8,26,1,123,2941,49,Stay,44.64625948859655
771,577,51756,1,0,0,46489,0,4,2,11,18,46,13,2,14,49,1,148,713,43,Stay,44.67217106267622
772,427,97624,2,0,1,34387,1,1,3,11,47,49,16,3,33,83,1,115,662,10,Churn,83.12013845577283
773,619,26292,1,1,1,89463,0,3,2,14,96,27,2,3,23,75,2,141,4926,58,Stay,49.507387462037464
774,756,86206,1,1,1,91832,1,4,1,7,30,13,3,1,21,53,2,134,4452,53,Stay,48.97961984230706
775,440,69274,2,1,1,115980,1,3,1,12,74,33,15,2,12,32,1,167,284,32,Churn,70.08291686575907
776,627,2469,1,1,0,131926,0,2,1,6,30,5,15,1,2,15,1,99,2292,42,Stay,41.15555572808385
777,591,53947,4,1,1,132429,0,3,1,2,36,26,3,3,13,75,1,26,4165,42,Stay,49.527856249317644
778,544,22534,3,0,1,22591,0,2,2,14,115,13,18,3,4,30,1,154,345,3,Stay,47.46449853078332
779,600,63620,2,0,1,143446,0,3,1,11,79,27,16,3,20,44,2,69,4186,56,Stay,46.509204228833475
780,611,48874,1,0,0,130431,0,1,1,12,53,14,12,1,14,38,1,149,2334,26,Stay,46.06682306467081
781,619,49708,2,0,0,68516,1,3,3,2,109,24,0,3,30,16,2,66,965,15,Churn,78.18383789192637
782,639,74553,4,1,0,111683,0,1,1,11,37,3,11,2,29,62,1,33,2187,17,Stay,45.99841933107455
783,796,68344,2,0,0,82061,0,1,3,7,54,47,3,1,8,46,2,50,700,27,Churn,50.2504436162988
784,445,49138,2,0,1,124425,0,4,1,1,26,49,10,3,12,32,2,69,3133,18,Stay,47.75874749670653
785,434,54302,1,1,0,86736,1,1,1,13,49,30,4,1,26,17,2,60,2156,51,Churn,55.58192998947862
786,652,47638,4,0,1,101257,0,2,3,2,12,35,1,1,2,85,2,33,2231,19,Churn,51.71254419457413
787,789,78249,3,0,1,81753,1,4,1,12,85,48,16,3,14,57,2,152,632,12,Churn,72.81877546735657
788,481,2719,3,1,1,104774,0,4,2,8,112,14,7,3,6,19,1,24,2142,24,Churn,50.63854780199566
789,770,22890,1,0,1,31087,0,3,2,6,85,12,5,1,31,88,1,176,457,5,Stay,46.15387471279288
790,655,77236,2,0,0,50816,1,1,1,14,75,28,8,1,17,33,2,24,477,24,Churn,75.86883767173921
791,596,36509,1,0,0,43408,0,1,2,2,55,44,12,3,25,99,1,132,2319,27,Stay,49.612936757417565
792,702,42534,1,0,0,144116,0,2,3,7,95,29,10,2,32,56,1,137,4588,48,Stay,49.26555686942444
793,409,92241,1,0,1,125276,1,3,1,4,96,43,15,1,12,62,1,115,4897,30,Churn,59.631341636120816
794,711,18787,2,1,1,20136,0,3,1,2,39,17,15,1,13,48,1,55,3407,15,Stay,47.21804613293285
795,685,48845,4,1,1,37413,1,4,3,12,78,40,1,2,19,76,1,98,2696,47,Churn,74.41702400700844
796,641,57932,1,1,1,133650,1,4,3,6,18,49,9,3,25,75,1,38,883,59,Churn,63.17677177541533
797,650,92124,2,1,1,79500,1,4,3,11,94,21,11,3,31,15,1,41,2479,38,Churn,76.4025467584277
798,764,91659,4,1,0,104514,1,2,1,9,20,23,7,2,25,30,2,181,3703,44,Churn,65.61583330767736
799,404,33062,1,1,1,76358,1,2,3,11,78,20,10,3,16,82,1,75,1082,34,Churn,61.797818666012496
800,518,75713,3,0,0,86197,0,4,3,9,108,11,9,3,23,83,1,36,4042,27,Stay,49.95058806662682
801,688,87263,4,1,1,120776,0,3,2,14,100,34,12,1,14,45,1,36,2690,20,Stay,46.580543210589305
802,773,95756,1,1,1,112789,0,2,2,8,75,10,16,1,6,12,2,165,1142,41,Stay,47.43123118938315
803,464,60461,4,0,0,112420,1,3,1,3,97,10,6,1,25,97,2,192,2638,32,Churn,71.29534083919297
804,545,75418,4,0,0,52854,1,3,2,3,40,43,2,2,23,95,1,97,961,4,Churn,71.7922849935066
805,623,66672,4,1,1,96240,1,1,2,2,42,6,19,3,12,87,2,75,1976,5,Churn,82.91104985102528
806,638,34832,4,0,1,124523,1,4,3,5,48,36,12,3,13,51,2,99,1935,53,Churn,75.78974878724438
807,576,31966,4,1,1,149494,0,1,3,14,103,24,18,1,34,54,1,69,4308,58,Stay,49.5973634443084
808,666,72545,4,0,1,110063,0,4,2,12,55,12,6,1,6,53,2,77,3626,8,Stay,46.47382087326527
809,740,12987,1,1,0,36322,1,4,2,14,46,43,8,2,8,42,1,37,1785,22,Churn,55.55353038627834
810,681,37311,3,0,1,133053,1,3,2,4,101,23,18,3,8,69,2,154,3501,42,Churn,72.08338296859313
811,462,31575,2,0,0,26968,0,4,1,7,69,27,12,2,33,95,1,95,1722,7,Stay,43.32061731875683
812,616,63852,4,1,1,47518,1,3,1,4,40,45,7,3,34,92,2,29,2757,22,Churn,72.66580633058724
813,741,1007,2,1,0,71925,1,3,1,9,20,37,17,2,15,92,1,88,2032,46,Churn,68.21410302259942
814,714,70981,1,1,0,79848,1,4,2,12,96,6,1,1,35,79,1,104,607,30,Churn,54.0453263315944
815,682,76242,4,1,1,131900,0,3,2,12,11,1,17,2,22,92,2,150,4661,37,Stay,49.5774027234847
816,576,47517,3,1,0,113422,0,3,1,2,113,6,17,2,23,86,1,102,3578,16,Stay,46.91879053669117
817,497,29257,2,0,1,21700,1,3,1,11,114,22,10,1,22,35,1,128,2756,15,Churn,73.40402183230842
818,504,87272,4,1,0,113782,0,2,2,14,36,41,0,3,5,95,2,63,1221,5,Stay,44.34152543957275
819,498,42207,1,1,1,121004,1,3,3,6,108,24,13,3,31,30,1,161,389,3,Churn,63.17677177541533
820,784,13281,3,0,0,43199,1,2,1,7,11,25,15,1,13,11,1,151,2929,23,Churn,71.97616490396224
821,710,61246,2,0,1,64589,0,2,2,4,112,15,10,2,28,56,2,37,2309,10,Stay,47.95507548464757
822,405,1435,2,1,1,52115,1,3,2,13,110,26,0,2,20,39,1,112,4912,5,Churn,69.07740750161774
823,596,98875,4,0,0,81934,1,3,3,6,30,8,6,2,33,36,2,199,1500,23,Churn,72.47792052361956
824,750,91357,3,0,0,136335,0,2,2,7,67,24,15,3,16,80,1,57,666,15,Stay,44.38533478676246
825,532,26660,3,1,0,140726,1,2,2,4,14,48,13,2,29,29,2,167,1573,18,Churn,64.80263947943149
826,757,5084,3,0,0,74316,1,3,1,8,61,38,14,3,23,59,2,191,2087,25,Churn,73.92680569209894
827,658,82197,3,0,1,25520,1,3,1,9,54,6,13,2,24,32,1,70,3887,8,Churn,71.63602110892305
828,422,13507,1,1,0,129814,0,4,3,1,94,35,10,1,34,22,2,38,3965,31,Stay,48.336923956027306
829,452,72595,3,1,1,56455,1,2,3,7,102,42,15,1,7,90,1,139,3360,21,Churn,65.98386590195476
830,564,83807,2,0,0,135284,0,2,2,9,29,1,18,3,4,13,1,87,3647,2,Stay,49.71965865541379
831,601,45539,2,0,1,106465,1,4,1,12,70,46,16,3,34,23,2,85,3351,22,Churn,74.07062468647007
832,482,7491,1,1,1,143364,1,2,3,10,47,36,5,1,22,29,1,160,1816,8,Churn,52.8074014282729
833,544,50192,2,0,1,61605,1,1,3,5,29,12,10,1,5,22,1,177,1112,23,Churn,78.8661577234748
834,484,80395,2,0,1,34955,1,2,3,12,34,38,16,2,23,12,2,117,1410,32,Churn,71.00101806715521
835,477,63888,3,0,0,64049,0,4,2,2,11,11,8,1,15,99,1,177,4670,8,Stay,47.812625768277236
836,765,73609,2,1,0,33917,0,1,1,10,41,12,17,3,31,99,1,198,717,4,Stay,46.30599377476365
837,400,9077,1,0,1,90293,1,3,3,6,35,42,16,1,9,91,2,107,4836,30,Churn,54.67424831854495
838,450,20953,3,0,0,98581,1,4,1,12,79,39,11,3,25,87,1,195,4357,19,Churn,76.24119272144164
839,572,76919,4,1,0,139072,1,4,3,12,50,7,4,3,25,56,1,52,2082,23,Churn,74.89320553550598
840,604,67889,3,0,1,84925,1,3,3,7,76,11,10,2,21,12,2,124,2328,18,Churn,71.14780934699297
841,659,23821,1,0,0,127216,1,4,1,2,106,36,3,2,9,10,1,93,4920,53,Churn,63.56441716037258
842,768,37567,3,1,0,90269,1,2,1,2,10,31,3,2,22,99,1,101,568,29,Churn,74.05545430031201
843,687,24860,3,1,0,50954,1,3,1,10,60,33,2,2,23,33,2,38,4216,23,Churn,67.15422191102358
844,433,21195,1,1,1,116671,1,4,2,14,14,13,16,1,4,44,1,90,4455,33,Churn,52.32855083278361
845,747,77475,3,1,0,92617,0,3,3,12,22,18,6,2,29,23,1,76,1239,52,Stay,48.23061335125901
846,494,90874,1,0,1,61458,0,3,2,10,28,41,3,1,15,76,2,166,1536,47,Stay,44.39291700456787
847,471,87266,1,0,0,109037,0,3,1,1,21,24,12,2,1,22,2,98,636,18,Stay,41.750244756716135
848,438,21427,4,1,0,41113,1,1,3,4,57,9,11,2,30,56,1,188,1051,54,Churn,74.4321205228256
849,553,27083,2,1,0,119977,1,4,2,7,34,31,0,3,29,59,1,61,2913,44,Churn,68.06361192600647
850,649,87046,2,0,1,132622,1,1,3,14,66,41,18,1,20,87,2,199,3106,33,Churn,77.50006407132969
851,561,57372,3,1,1,145947,0,4,2,9,44,10,19,3,33,94,1,135,4094,7,Churn,50.63854780199566
852,517,44064,3,0,0,110226,1,2,1,3,85,2,17,2,22,35,1,23,1940,51,Churn,71.75251364494434
853,658,7813,4,1,1,63939,0,2,2,12,103,38,10,1,13,12,1,23,950,28,Stay,46.38358693555832
854,778,31598,4,0,0,49345,1,2,3,11,14,15,19,2,7,60,2,24,2071,1,Churn,71.56429498976281
855,705,93106,4,1,1,144616,0,4,3,7,107,3,2,3,8,49,1,60,1291,56,Churn,51.21421544480275
856,667,27082,1,1,1,66313,0,3,3,7,31,43,16,1,28,77,1,127,4020,39,Stay,46.03149377132103
857,453,29241,4,0,0,130107,0,3,3,7,112,31,11,3,9,45,2,106,4728,34,Stay,49.4003655827537
858,635,96214,4,1,0,141866,1,1,1,2,86,6,9,2,25,60,2,123,2162,39,Churn,78.99835500374907
859,788,44569,3,0,0,112365,0,1,2,6,66,3,7,2,16,10,2,136,3146,19,Stay,45.242511724631115
860,621,11745,4,0,0,120598,1,2,1,2,56,11,14,2,10,42,1,120,4499,31,Churn,75.97617529296782
861,650,26029,1,0,1,89166,1,1,1,6,63,15,4,1,11,16,1,94,3658,13,Churn,62.801944818388435
862,712,13025,1,0,1,67861,1,4,1,13,12,45,3,3,31,61,2,94,4611,57,Churn,55.758294851459866
863,511,14288,3,0,1,117406,1,4,3,10,62,28,19,3,12,20,1,32,404,24,Churn,78.67995204559664
864,654,89186,4,1,0,69298,1,1,3,3,93,10,18,2,31,36,1,161,2947,5,Churn,74.4321205228256
865,702,6540,4,1,0,67221,0,1,3,14,40,38,3,3,14,23,1,44,2535,23,Stay,48.48277995783271
866,606,97768,1,0,1,64942,1,1,2,2,78,47,14,1,32,95,1,134,2904,19,Churn,64.31034024151117
867,628,81958,4,1,0,23453,1,1,3,12,97,7,16,2,17,89,2,191,2084,1,Churn,76.03210427113993
868,740,68878,4,0,1,122811,1,2,2,14,113,15,11,2,35,55,2,101,4036,33,Churn,65.44488803379053
869,797,41846,4,1,1,74935,1,2,3,6,42,18,2,2,1,85,1,29,812,59,Churn,72.84050163570845
870,465,75932,2,1,1,142439,1,1,3,2,81,18,9,1,29,19,2,69,2995,50,Churn,78.0165271014584
871,474,17482,3,1,1,63370,0,4,1,5,97,41,14,2,4,33,1,191,1781,56,Stay,47.78018683368298
872,502,23411,2,1,1,123932,0,2,1,2,59,24,9,2,23,70,1,161,1433,33,Churn,51.49813343901927
873,591,50975,3,0,0,28328,1,4,1,3,93,2,17,2,28,27,2,34,3298,32,Churn,72.37962879422548
874,651,60545,1,0,0,35534,0,3,2,3,25,40,0,2,16,95,2,35,274,59,Stay,39.67384696409151
875,625,78797,4,1,0,105280,0,4,2,6,85,20,2,3,12,18,1,21,3305,28,Stay,46.34006807134243
876,693,52307,3,1,1,104925,1,1,3,6,86,34,11,2,21,26,1,177,1516,37,Churn,76.73737094638629
877,705,3093,2,0,1,56320,0,3,2,10,118,43,0,1,17,67,1,49,2087,41,Stay,44.0090453743656
878,497,77258,4,1,1,69170,1,2,3,3,115,26,2,2,13,22,1,101,4953,12,Churn,70.99829524256293
879,737,22042,1,0,1,120546,0,2,2,3,48,7,2,2,32,59,2,50,1872,9,Stay,46.005320147711984
880,685,52930,3,0,0,100201,0,3,2,13,98,38,4,3,15,15,2,96,4366,50,Stay,44.60676411794333
881,734,44413,3,0,0,148935,0,4,2,12,55,30,18,2,12,94,1,167,1174,55,Stay,44.0309549804897
882,746,93623,3,1,1,141006,1,2,1,13,105,42,0,3,15,60,1,196,4860,11,Churn,69.22881853484095
883,707,97883,4,0,1,123401,0,1,2,1,97,5,3,1,34,45,2,133,691,33,Stay,47.906560933981766
884,648,33756,2,1,1,28640,0,3,1,7,56,11,3,3,6,80,1,54,3078,19,Stay,46.62002851981834
885,565,53268,2,0,0,120252,1,1,1,13,53,1,16,2,17,34,2,42,4082,54,Churn,78.10622435592721
886,734,39214,3,1,0,111057,1,3,2,8,18,34,13,1,20,20,1,125,2510,57,Churn,65.8778624126792
887,429,81871,1,1,0,50049,0,2,3,2,113,1,17,2,9,53,2,116,947,42,Stay,46.30426758161667
888,646,28602,1,1,1,25618,1,4,3,4,96,19,0,3,5,23,1,134,593,34,Churn,56.69968397991232
889,505,53331,2,0,1,122540,0,3,3,10,59,2,15,1,23,38,1,119,645,7,Churn,55.996898780715235
890,450,48901,1,0,0,76053,0,3,2,7,86,21,2,1,33,83,1,74,2386,31,Stay,43.552067119495234
891,480,99986,2,1,1,21920,1,1,3,8,69,20,8,3,14,59,2,27,2797,52,Churn,80.16580927229727
892,532,63416,3,1,0,63937,1,2,1,1,105,23,3,3,17,14,2,187,3937,2,Churn,80.12825230465862
893,684,32196,2,1,1,89724,1,1,3,4,24,21,4,1,19,81,1,78,1640,19,Churn,72.88761794465508
894,787,5626,2,0,0,32207,0,2,2,6,45,24,10,1,33,78,1,147,983,38,Stay,45.343354335692936
895,537,7424,3,0,1,85774,1,1,3,3,72,4,8,3,1,97,1,51,4056,32,Churn,80.69283129599218
896,583,12857,1,0,0,52972,0,3,1,5,78,12,2,2,13,66,1,112,3194,10,Stay,41.3483148610687
897,729,19982,2,0,0,30799,1,1,2,10,95,22,5,1,27,35,2,26,2465,41,Churn,75.58562138889006
898,672,76961,2,1,0,91088,0,4,3,9,89,20,10,3,6,15,2,21,3447,8,Churn,50.21930355095946
899,739,1980,3,1,0,48916,1,2,2,11,50,18,8,2,6,25,2,104,3171,26,Churn,64.80263947943149
900,468,48290,1,0,0,90463,0,2,2,13,83,1,14,1,33,69,1,153,3775,30,Stay,46.37300151270202
901,433,26431,2,0,0,113500,1,3,2,3,33,30,2,1,30,21,1,125,4815,11,Churn,72.86158355155419
902,661,84976,3,1,1,96700,0,2,3,5,91,33,0,3,35,84,2,55,1052,41,Stay,47.59555859444898
903,452,82711,2,0,1,57158,1,4,2,8,58,24,19,2,23,12,1,179,3400,20,Churn,72.14983710106804
904,604,26385,4,0,1,104607,1,1,3,6,27,14,18,1,10,72,2,64,3835,20,Churn,76.36094487046367
905,525,38158,3,0,0,139639,0,3,1,4,16,36,13,2,19,73,2,61,3279,9,Stay,41.56552529109945
906,634,23019,1,0,0,133945,1,4,3,8,13,5,16,2,28,71,2,72,3063,8,Churn,56.88061085024971
907,442,18639,1,0,1,91696,0,2,1,11,99,11,13,1,23,15,2,129,4127,15,Stay,45.83154621917218
908,639,85530,1,0,0,81510,0,2,3,3,78,24,16,2,4,28,1,28,3347,34,Stay,49.26555686942444
909,770,99911,1,1,0,140076,1,4,2,3,69,31,13,1,20,27,2,106,4515,24,Stay,49.30708372051574
910,510,21563,2,0,0,78692,0,1,3,4,64,13,11,2,19,89,1,133,3457,33,Churn,51.57032265540783
911,648,39341,2,0,0,81744,1,1,2,9,25,16,15,1,27,96,2,94,4948,41,Churn,75.58562138889006
912,550,5776,1,1,0,35810,1,3,1,5,108,24,0,3,34,52,2,196,2804,41,Churn,52.44577315071645
913,582,36444,1,1,1,25126,0,2,3,8,99,13,12,1,4,82,2,149,1137,45,Stay,47.43123118938315
914,735,68916,1,1,1,50009,1,4,2,6,91,24,5,1,7,12,2,30,170,40,Stay,49.04058451562376
915,494,8711,2,0,1,119120,0,1,1,3,38,26,16,1,7,81,1,69,2974,27,Stay,47.98645163413979
916,773,74318,1,1,1,131718,0,3,1,8,32,2,11,2,26,47,1,182,205,21,Stay,42.89646055187986
917,799,82970,1,0,1,110932,1,2,3,12,23,16,18,3,26,77,1,141,869,5,Churn,66.2261944658649
918,407,85553,4,0,0,20192,1,2,1,9,88,38,5,2,19,85,1,162,2109,35,Churn,69.93567874985402
919,787,30707,4,0,0,136464,0,3,2,8,58,46,6,2,9,53,2,94,3040,21,Stay,43.70047193213476
920,759,39110,1,1,0,56413,0,3,1,13,42,1,0,1,20,98,1,50,2292,4,Stay,40.02872337327939
921,787,61788,3,1,0,32816,1,1,1,4,34,49,0,2,16,89,1,111,3595,49,Churn,68.66933006242564
922,583,82879,1,1,1,59082,1,4,2,14,30,11,4,1,17,72,2,175,4411,48,Stay,49.04058451562376
923,680,38827,4,1,1,85048,1,2,1,14,26,35,5,3,22,51,1,172,4455,16,Churn,74.6923813948842
924,594,5655,3,1,1,143130,1,4,1,13,32,43,15,2,13,73,1,111,1033,57,Churn,70.08291686575907
925,751,44859,3,0,0,70940,0,2,1,11,66,29,15,2,12,63,1,172,674,31,Stay,41.491109281700226
926,594,53625,1,0,1,52130,1,2,1,6,116,37,13,2,10,87,1,94,4030,26,Churn,58.90314051043028
927,554,52098,4,0,0,60142,0,4,2,1,90,17,0,1,1,86,2,111,4480,52,Stay,47.61906535902823
928,492,15251,4,0,1,149564,0,3,1,4,67,39,12,1,32,80,2,148,4187,35,Stay,44.6865321166666
929,559,526,3,1,1,56468,1,1,2,8,23,42,19,2,30,85,1,61,2631,6,Churn,75.57180939367531
930,460,68760,1,1,0,50698,0,2,1,1,102,28,9,2,8,46,2,129,2519,33,Churn,52.37859234472532
931,521,47837,2,0,0,30655,1,3,1,3,29,29,9,3,21,13,1,181,169,21,Churn,77.3843734715285
932,450,11536,2,1,1,67897,0,2,1,1,39,43,8,3,22,11,1,37,4574,16,Churn,53.955666712823856
933,676,28541,4,1,1,50075,1,1,1,9,28,3,12,3,18,53,1,96,1402,47,Churn,76.99842692409653
934,404,79083,2,0,0,29359,0,2,2,2,62,10,2,3,2,76,2,152,3914,39,Stay,46.89255349077505
935,491,51027,4,0,1,149048,0,1,2,9,112,42,17,3,9,77,2,39,2449,34,Stay,48.99178618362716
936,569,34531,4,1,1,122197,1,1,2,13,65,14,19,1,3,85,2,146,354,42,Churn,67.15317565174416
937,716,8712,4,1,0,125115,1,2,3,4,86,12,1,3,26,92,2,94,1807,57,Churn,72.31961118846466
938,421,65455,2,0,1,62056,0,2,1,2,91,47,16,3,21,83,2,81,4887,15,Stay,48.8826240328275
939,725,74744,4,0,0,71831,0,1,1,4,32,42,18,2,30,71,2,51,933,6,Stay,43.10839916695665
940,400,5109,3,0,1,79191,1,3,2,12,71,30,12,1,28,10,1,197,2864,2,Churn,69.23412495321017
941,532,49268,1,1,0,138592,0,4,3,11,119,32,12,3,26,26,2,185,2571,24,Stay,49.3795955846209
942,632,54615,1,0,1,141948,1,1,1,11,42,32,0,3,34,25,1,47,3842,56,Churn,60.519421894526346
943,411,82503,4,0,0,53272,0,2,2,10,112,42,1,3,8,18,1,93,2135,49,Stay,42.60961670506902
944,745,29759,1,1,1,128117,1,2,1,6,113,32,0,2,10,62,2,100,2067,28,Churn,52.60368987806734
945,445,85708,2,1,0,34671,0,3,1,11,27,26,4,2,14,82,1,41,199,1,Stay,44.70511741930301
946,433,60112,2,1,1,47048,1,4,2,7,82,1,2,2,15,68,1,190,1952,1,Churn,72.63820092751688
947,477,26589,1,1,1,96274,1,1,2,3,42,42,6,3,17,18,1,183,3283,28,Churn,64.85368778737039
948,617,30015,2,1,1,45963,0,1,1,3,41,2,12,2,18,21,2,115,2455,36,Stay,48.08261662334499
949,700,29009,1,0,1,63954,1,4,1,12,70,17,17,3,32,50,2,141,211,20,Churn,57.335515954950225
950,472,83309,1,0,1,92309,0,1,2,10,63,30,6,1,23,24,1,142,3258,48,Stay,49.24744598279923
951,681,62046,1,1,1,122120,1,4,1,12,26,39,0,3,23,75,2,71,282,8,Churn,53.31826389925015
952,648,26143,4,1,1,115430,1,2,1,8,28,7,4,2,35,84,1,183,3952,1,Churn,71.30882485651298
953,446,6154,1,1,1,20717,1,4,2,5,100,27,16,1,15,20,2,175,264,26,Stay,49.04058451562376
954,520,21804,4,1,1,31676,0,1,1,4,79,9,7,3,24,17,1,97,2237,51,Stay,49.629819497632866
955,613,41688,1,1,0,24434,1,4,1,7,108,22,14,1,28,64,1,183,2123,43,Churn,54.59517984724486
956,638,64288,1,0,0,69810,0,3,3,7,110,34,19,1,16,15,2,89,554,49,Stay,47.86778391893398
957,455,51195,1,0,1,123361,1,2,2,13,43,46,3,1,16,62,2,156,2385,25,Stay,49.09969392201639
958,749,20581,2,0,0,138696,0,2,3,9,93,49,1,3,6,29,2,40,4922,10,Stay,48.312056999175645
959,506,52648,4,0,1,114636,0,4,3,9,34,1,4,2,2,48,2,83,641,12,Stay,49.79145517934592
960,718,30087,4,1,1,24994,0,1,3,5,77,9,0,3,13,81,2,95,2765,41,Stay,49.89156228570147
961,447,49930,1,0,0,24234,1,3,1,13,83,20,4,2,9,43,1,80,2549,7,Churn,59.141633139791125
962,460,32981,1,1,1,89300,0,2,1,12,83,19,5,3,34,66,1,114,4033,12,Stay,49.12597906841275
963,736,69298,2,1,1,63949,1,2,3,13,97,36,1,3,17,28,1,59,2986,47,Churn,75.78040606392571
964,425,46167,2,1,0,57405,0,1,3,8,94,40,0,3,27,80,2,23,4714,40,Stay,48.19984284388728
965,691,75304,2,0,0,54872,0,1,3,10,20,45,3,2,29,40,2,50,4392,17,Churn,50.04271230122844
966,656,43408,4,1,1,62215,0,3,1,1,100,4,6,3,22,91,1,174,4004,5,Churn,52.818197819596755
967,407,39499,4,0,0,43185,0,4,3,9,25,9,0,1,24,49,1,172,1788,14,Stay,46.386708957803805
968,512,52269,4,0,0,63442,1,1,3,8,99,41,0,3,7,23,1,88,1737,34,Churn,75.49289790347774
969,754,38559,1,1,1,143263,0,4,2,6,70,22,7,1,34,90,1,89,4828,48,Stay,46.03149377132103
970,652,74319,4,1,0,71759,0,3,2,13,103,18,19,2,12,46,2,24,4770,17,Stay,48.012143045928966
971,579,95317,3,1,0,61153,1,4,1,3,89,12,15,2,23,53,1,134,4182,35,Churn,68.21410302259942
972,606,96347,3,0,1,97535,0,2,2,3,16,42,12,3,15,18,2,110,1990,55,Stay,46.916774683675676
973,702,48787,2,1,0,122023,0,4,2,8,25,43,17,3,33,67,1,27,3305,1,Stay,47.77161694699948
974,526,35488,4,0,0,22581,0,3,2,5,108,39,19,3,13,29,2,28,577,59,Stay,44.60676411794333
975,455,74441,3,1,1,71717,0,3,1,10,25,9,9,1,23,59,2,34,2466,50,Stay,46.12958112383457
976,613,74663,2,1,1,22763,1,3,2,11,49,6,11,2,32,29,2,124,2626,50,Churn,68.15948962959578
977,413,22431,4,0,1,112910,1,4,1,14,21,19,0,1,35,45,2,26,466,36,Churn,66.7978887030539
978,427,61681,1,0,0,75480,0,2,3,7,44,48,9,1,1,36,1,91,1936,15,Stay,44.84042338339177
979,477,63483,3,0,1,58759,1,1,2,5,30,47,8,3,5,81,1,134,1815,19,Churn,79.20595964981764
980,615,49153,1,0,1,96067,1,2,1,8,59,7,2,3,13,41,1,34,112,51,Churn,64.25996408269809
981,785,6368,4,0,0,138094,0,4,2,10,52,16,18,1,5,10,2,184,635,42,Stay,43.91173853877808
982,764,27424,3,0,1,45307,1,4,3,10,109,5,8,1,32,26,1,102,3339,5,Churn,73.17801618736667
983,553,45004,4,1,1,116371,0,1,1,4,26,16,9,3,21,18,1,58,2417,19,Stay,49.629819497632866
984,413,83869,1,1,1,31064,1,4,1,2,41,1,18,3,24,93,1,153,4142,43,Churn,75.31771970940207
985,586,88652,3,0,1,96848,1,3,1,3,50,37,15,1,18,54,2,76,475,39,Churn,68.61771835419842
986,711,56985,1,1,0,57548,1,3,3,8,15,39,17,3,21,75,2,111,1824,5,Churn,58.26817817486957
987,770,50069,4,0,1,56945,0,3,3,11,97,19,13,3,10,41,2,100,356,52,Churn,52.04879543560433
988,406,52326,4,1,1,67937,1,3,3,13,36,37,2,1,24,54,1,166,2364,12,Churn,68.14844022844858
989,402,81061,1,1,0,26476,0,3,1,7,29,17,1,1,21,18,1,146,549,19,Stay,41.60210546643316
990,510,23398,3,0,1,71756,0,4,3,13,34,26,0,2,25,39,1,178,993,47,Stay,45.58961261409166
991,637,98393,1,0,0,110101,1,1,2,2,75,22,17,1,23,93,2,94,3312,12,Churn,62.6470697602138
992,762,50861,4,0,0,22382,0,1,3,6,18,8,8,3,22,47,1,98,1284,36,Churn,50.80565368995214
993,638,75897,1,1,0,69683,1,3,1,9,101,33,12,1,4,69,2,29,3323,12,Churn,50.946871899059744
994,673,81905,4,0,1,107999,0,4,2,4,62,2,1,1,34,10,2,126,1408,18,Stay,48.54448329011516
995,693,68577,1,1,0,65276,0,2,3,9,70,30,6,1,6,14,2,106,4805,49,Stay,45.889776700647694
996,626,65641,3,0,0,53402,1,2,2,2,47,47,15,2,28,72,2,86,1016,51,Churn,72.92503792281015
997,770,9078,3,1,0,111881,1,4,2,2,12,20,18,2,31,45,1,81,247,48,Churn,75.30513916106139
998,414,25003,1,1,1,130300,1,3,1,9,93,18,14,3,35,74,1,150,4851,43,Churn,62.15837945806327
999,591,62768,1,0,1,46946,1,1,2,12,79,43,10,2,23,87,2,165,2214,34,Churn,56.42566831064201
1000,518,51047,3,1,1,99698,0,4,2,7,112,10,0,1,6,82,1,172,4116,48,Stay,42.10429695115514
